Address A,Address B,Packets,Bytes,Packets A → B,Bytes A → B,Packets B → A,Bytes B → A,Rel Start,Duration,Bits/s A → B,Bits/s B → A
10.0.0.10,10.0.0.46,24,4440,12,2220,12,2220,5.010886062,5.2911429,3356.552702,3356.552702
10.0.0.10,10.0.0.26,24,4440,12,2220,12,2220,5.160142963,7.025451474,2527.951416,2527.951416
10.0.0.10,10.0.0.34,24,4440,12,2220,12,2220,5.544353832,6.016513109,2951.875892,2951.875892
10.0.0.10,10.0.0.44,24,4440,12,2220,12,2220,5.555738302,4.22232504,4206.213362,4206.213362
10.0.0.10,10.0.0.25,16,2960,8,1480,8,1480,5.686756703,5.685711595,2082.413046,2082.413046
10.0.0.10,10.0.0.40,24,4440,12,2220,12,2220,5.686777468,4.686983596,3789.217444,3789.217444
10.0.0.10,10.0.0.22,16,2960,8,1480,8,1480,5.816731934,0.566033665,20917.48377,20917.48377
10.0.0.10,10.0.0.41,24,4440,12,2220,12,2220,5.992168024,1.245030279,14264.71332,14264.71332
10.0.0.10,10.0.0.17,8,1480,4,740,4,740,6.140938013,4.269770688,1386.491321,1386.491321
10.0.0.10,10.0.0.36,24,4440,12,2220,12,2220,6.14094467,6.205701923,2861.884154,2861.884154
10.0.0.10,10.0.0.19,16,2960,8,1480,8,1480,6.674717152,0.520896214,22730.05578,22730.05578
10.0.0.10,10.0.0.24,16,2960,8,1480,8,1480,6.830377031,3.872840717,3057.187441,3057.187441
10.0.0.10,10.0.0.30,24,4440,12,2220,12,2220,7.224863163,1.10374197,16090.71729,16090.71729
10.0.0.10,10.0.0.16,8,1480,4,740,4,740,7.351374381,0.878734583,6736.9603,6736.9603
10.0.0.10,10.0.0.45,24,4440,12,2220,12,2220,7.440314391,4.197096098,4231.497108,4231.497108
10.0.0.10,10.0.0.31,24,4440,12,2220,12,2220,7.732173285,0.774866603,22920.07415,22920.07415
10.0.0.10,10.0.0.21,16,2960,8,1480,8,1480,8.028795087,1.339964443,8836.055361,8836.055361
10.0.0.10,10.0.0.11,8,1480,4,740,4,740,8.220392009,3.235086268,1829.935745,1829.935745
10.0.0.10,10.0.0.13,8,1480,4,740,4,740,8.574874013,3.606455763,1641.500794,1641.500794
10.0.0.10,10.0.0.12,8,1480,4,740,4,740,9.017417128,1.532523628,3862.909447,3862.909447
10.0.0.10,10.0.0.32,24,4440,12,2220,12,2220,9.163889301,0.606516917,29281.95324,29281.95324
10.0.0.10,10.0.0.38,24,4440,12,2220,12,2220,9.258269751,1.291871578,13747.4965,13747.4965
10.0.0.10,10.0.0.20,16,2960,8,1480,8,1480,10.18440972,2.029126703,5835.022516,5835.022516
10.0.0.10,10.0.0.29,24,4440,12,2220,12,2220,11.19055545,1.127215785,15755.63458,15755.63458
10.0.0.10,10.0.0.23,16,2960,8,1480,8,1480,12.13038906,0.648143968,18267.54639,18267.54639
10.0.0.11,10.0.0.14,8,1480,4,740,4,740,5.002661122,3.987873566,1484.500424,1484.500424
10.0.0.11,10.0.0.22,16,2960,8,1480,8,1480,5.160138626,2.736227356,4327.125805,4327.125805
10.0.0.11,10.0.0.21,16,2960,8,1480,8,1480,5.257871904,5.884370633,2012.109831,2012.109831
10.0.0.11,10.0.0.24,16,2960,8,1480,8,1480,5.816813851,2.115671683,5596.331461,5596.331461
10.0.0.11,10.0.0.35,24,4440,12,2220,12,2220,6.1143397,3.484080128,5097.471742,5097.471742
10.0.0.11,10.0.0.18,16,2960,8,1480,8,1480,6.388763642,1.019719362,11611.03774,11611.03774
10.0.0.11,10.0.0.28,24,4440,12,2220,12,2220,6.444839434,2.212319933,8027.771994,8027.771994
10.0.0.11,10.0.0.25,16,2960,8,1480,8,1480,6.564202937,4.578059344,2586.248694,2586.248694
10.0.0.11,10.0.0.26,24,4440,12,2220,12,2220,6.59292824,3.591741579,4944.67645,4944.67645
10.0.0.11,10.0.0.44,24,4440,12,2220,12,2220,6.695299704,0.676722317,26244.14705,26244.14705
10.0.0.11,10.0.0.13,8,1480,4,740,4,740,7.351317144,0.80536983,7350.660255,7350.660255
10.0.0.11,10.0.0.41,24,4440,12,2220,12,2220,7.394693829,3.044172148,5834.098447,5834.098447
10.0.0.11,10.0.0.37,24,4440,12,2220,12,2220,7.394704758,5.182901153,3426.65227,3426.65227
10.0.0.11,10.0.0.48,24,4440,12,2220,12,2220,8.156527435,1.621555534,10952.44636,10952.44636
10.0.0.11,10.0.0.16,8,1480,4,740,4,740,8.515947938,3.526053387,1678.930904,1678.930904
10.0.0.11,10.0.0.30,24,4440,12,2220,12,2220,8.92124697,1.263402666,14057.27602,14057.27602
10.0.0.11,10.0.0.15,8,1480,4,740,4,740,10.05990925,1.130811467,5235.178606,5235.178606
10.0.0.11,10.0.0.19,16,2960,8,1480,8,1480,10.12105881,0.487973579,24263.60875,24263.60875
10.0.0.11,10.0.0.38,24,4440,12,2220,12,2220,10.49164445,1.713236648,10366.34374,10366.34374
10.0.0.12,10.0.0.14,8,1480,4,740,4,740,5.140119661,4.309821862,1373.606657,1373.606657
10.0.0.12,10.0.0.13,8,1480,4,740,4,740,5.257864789,6.784217366,872.61355,872.61355
10.0.0.12,10.0.0.42,24,4440,12,2220,12,2220,5.555810387,1.733608175,10244.52945,10244.52945
10.0.0.12,10.0.0.19,16,2960,8,1480,8,1480,5.686787142,7.09184757,1669.522629,1669.522629
10.0.0.12,10.0.0.24,16,2960,8,1480,8,1480,5.706921446,2.225571673,5319.981443,5319.981443
10.0.0.12,10.0.0.47,24,4440,12,2220,12,2220,5.956226454,5.908624788,3005.775563,3005.775563
10.0.0.12,10.0.0.15,8,1480,4,740,4,740,6.020248013,3.355153022,1764.450075,1764.450075
10.0.0.12,10.0.0.39,24,4440,12,2220,12,2220,6.226666637,6.119961045,2901.979256,2901.979256
10.0.0.12,10.0.0.48,24,4440,12,2220,12,2220,6.226675,0.537091917,33066.96571,33066.96571
10.0.0.12,10.0.0.18,16,2960,8,1480,8,1480,6.388769425,5.342742173,2216.090468,2216.090468
10.0.0.12,10.0.0.22,16,2960,8,1480,8,1480,7.394684857,4.792634615,2470.457473,2470.457473
10.0.0.12,10.0.0.29,24,4440,12,2220,12,2220,7.394707932,4.066910501,4366.951276,4366.951276
10.0.0.12,10.0.0.26,24,4440,12,2220,12,2220,7.440292098,2.744340415,6471.500366,6471.500366
10.0.0.12,10.0.0.34,24,4440,12,2220,12,2220,8.109473791,3.419496186,5193.747568,5193.747568
10.0.0.12,10.0.0.17,8,1480,4,740,4,740,8.156518098,2.653943127,2230.643129,2230.643129
10.0.0.12,10.0.0.21,16,2960,8,1480,8,1480,8.432748256,3.710447116,3190.990096,3190.990096
10.0.0.12,10.0.0.41,24,4440,12,2220,12,2220,8.700292486,3.48531486,5095.665876,5095.665876
10.0.0.12,10.0.0.11,8,1480,4,740,4,740,8.904878982,0.709512127,8343.761544,8343.761544
10.0.0.12,10.0.0.27,24,4440,12,2220,12,2220,8.921241728,3.42541088,5184.779468,5184.779468
10.0.0.12,10.0.0.40,24,4440,12,2220,12,2220,9.450567935,0.628463528,28259.39646,28259.39646
10.0.0.12,10.0.0.45,24,4440,12,2220,12,2220,9.557988828,1.367888307,12983.5162,12983.5162
10.0.0.12,10.0.0.35,24,4440,12,2220,12,2220,10.68303132,0.777001087,22857.11088,22857.11088
10.0.0.12,10.0.0.25,16,2960,8,1480,8,1480,11.76250505,1.016077453,11652.65499,11652.65499
10.0.0.13,10.0.0.45,24,4440,12,2220,12,2220,5.002672106,3.897198625,4557.119539,4557.119539
10.0.0.13,10.0.0.31,24,4440,12,2220,12,2220,5.160146908,4.504717001,3942.534014,3942.534014
10.0.0.13,10.0.0.35,24,4440,12,2220,12,2220,5.448192853,6.864922856,2587.06476,2587.06476
10.0.0.13,10.0.0.32,24,4440,12,2220,12,2220,5.555813379,6.88505329,2579.500732,2579.500732
10.0.0.13,10.0.0.38,24,4440,12,2220,12,2220,5.833213404,4.196568013,4232.029588,4232.029588
10.0.0.13,10.0.0.15,8,1480,4,740,4,740,5.927785295,5.262916839,1124.851519,1124.851519
10.0.0.13,10.0.0.14,8,1480,4,740,4,740,6.140929944,5.570330329,1062.773597,1062.773597
10.0.0.13,10.0.0.20,16,2960,8,1480,8,1480,6.226672006,5.481027072,2160.179077,2160.179077
10.0.0.13,10.0.0.42,24,4440,12,2220,12,2220,6.296476668,6.677206966,2659.794745,2659.794745
10.0.0.13,10.0.0.36,24,4440,12,2220,12,2220,6.444844079,6.275696972,2829.964557,2829.964557
10.0.0.13,10.0.0.27,24,4440,12,2220,12,2220,6.619925752,1.161014908,15296.9612,15296.9612
10.0.0.13,10.0.0.18,16,2960,8,1480,8,1480,6.988264126,2.380455025,4973.838983,4973.838983
10.0.0.13,10.0.0.39,24,4440,12,2220,12,2220,7.339538913,1.167665824,15209.83113,15209.83113
10.0.0.13,10.0.0.17,8,1480,4,740,4,740,7.731933538,1.882430109,3144.871075,3144.871075
10.0.0.13,10.0.0.25,16,2960,8,1480,8,1480,7.732528861,4.862104765,2435.159375,2435.159375
10.0.0.13,10.0.0.16,8,1480,4,740,4,740,9.081657659,3.5487358,1668.199701,1668.199701
10.0.0.13,10.0.0.19,16,2960,8,1480,8,1480,9.375268032,1.216519114,9732.687192,9732.687192
10.0.0.13,10.0.0.30,24,4440,12,2220,12,2220,10.96725541,1.379378493,12875.36386,12875.36386
10.0.0.13,10.0.0.49,24,4440,12,2220,12,2220,11.56499064,0.761482246,23322.93378,23322.93378
10.0.0.13,10.0.0.26,24,4440,12,2220,12,2220,12.18081194,0.553972058,32059.37871,32059.37871
10.0.0.14,10.0.0.18,16,2960,8,1480,8,1480,5.270998552,5.981744923,1979.355548,1979.355548
10.0.0.14,10.0.0.37,24,4440,12,2220,12,2220,5.992172337,5.926493805,2996.712826,2996.712826
10.0.0.14,10.0.0.45,24,4440,12,2220,12,2220,6.29648441,5.918963025,3000.525586,3000.525586
10.0.0.14,10.0.0.15,8,1480,4,740,4,740,6.388712139,1.076370643,5499.964198,5499.964198
10.0.0.14,10.0.0.25,16,2960,8,1480,8,1480,6.619902998,1.452076594,8153.839852,8153.839852
10.0.0.14,10.0.0.30,24,4440,12,2220,12,2220,6.619922184,3.384558786,5247.360475,5247.360475
10.0.0.14,10.0.0.23,16,2960,8,1480,8,1480,6.803856284,1.824891899,6488.055543,6488.055543
10.0.0.14,10.0.0.43,24,4440,12,2220,12,2220,7.288726541,3.663336495,4848.039492,4848.039492
10.0.0.14,10.0.0.36,24,4440,12,2220,12,2220,7.339471327,1.920862762,9245.845331,9245.845331
10.0.0.14,10.0.0.34,24,4440,12,2220,12,2220,7.464411318,2.974473915,5970.803748,5970.803748
10.0.0.14,10.0.0.46,24,4440,12,2220,12,2220,7.743715586,4.26113754,4167.901137,4167.901137
10.0.0.14,10.0.0.10,8,1480,4,740,4,740,8.515940146,0.297552519,19895.6474,19895.6474
10.0.0.14,10.0.0.49,24,4440,12,2220,12,2220,8.645008336,2.307074143,7698.06209,7698.06209
10.0.0.14,10.0.0.16,8,1480,4,740,4,740,9.046293724,1.122666199,5273.161342,5273.161342
10.0.0.14,10.0.0.39,24,4440,12,2220,12,2220,9.449958944,2.079036492,8542.4186,8542.4186
10.0.0.14,10.0.0.41,24,4440,12,2220,12,2220,9.450464328,1.740592823,10203.42022,10203.42022
10.0.0.14,10.0.0.38,24,4440,12,2220,12,2220,9.833663637,3.031740401,5858.021351,5858.021351
10.0.0.14,10.0.0.42,24,4440,12,2220,12,2220,11.09060053,1.003856023,17691.78009,17691.78009
10.0.0.15,10.0.0.30,24,4440,12,2220,12,2220,5.456223656,1.366327198,12998.35063,12998.35063
10.0.0.15,10.0.0.16,8,1480,4,740,4,740,5.686760914,5.149975108,1149.520119,1149.520119
10.0.0.15,10.0.0.24,16,2960,8,1480,8,1480,6.020269032,0.284759569,41578.93637,41578.93637
10.0.0.15,10.0.0.44,24,4440,12,2220,12,2220,6.100258085,2.20324821,8060.825793,8060.825793
10.0.0.15,10.0.0.37,24,4440,12,2220,12,2220,6.140941682,4.949999942,3587.87883,3587.87883
10.0.0.15,10.0.0.22,16,2960,8,1480,8,1480,6.931833664,0.136524134,86724.59332,86724.59332
10.0.0.15,10.0.0.34,24,4440,12,2220,12,2220,7.065311793,5.972197625,2973.77969,2973.77969
10.0.0.15,10.0.0.17,8,1480,4,740,4,740,7.175341964,0.854042101,6931.742584,6931.742584
10.0.0.15,10.0.0.10,8,1480,4,740,4,740,7.188284118,4.668455749,1268.085277,1268.085277
10.0.0.15,10.0.0.28,24,4440,12,2220,12,2220,7.394688196,3.53040694,5030.581545,5030.581545
10.0.0.15,10.0.0.39,24,4440,12,2220,12,2220,7.833116626,0.522989946,33958.5878,33958.5878
10.0.0.15,10.0.0.27,24,4440,12,2220,12,2220,8.156533937,4.029042467,4407.995236,4407.995236
10.0.0.15,10.0.0.31,24,4440,12,2220,12,2220,8.324071105,3.612186941,4916.689056,4916.689056
10.0.0.15,10.0.0.19,16,2960,8,1480,8,1480,8.432751323,2.176269452,5440.502778,5440.502778
10.0.0.15,10.0.0.29,24,4440,12,2220,12,2220,8.57489482,0.466545986,38066.98703,38066.98703
10.0.0.15,10.0.0.48,24,4440,12,2220,12,2220,11.27350789,0.810482578,21912.87078,21912.87078
10.0.0.16,10.0.0.12,8,1480,4,740,4,740,5.678161233,3.094472067,1913.088847,1913.088847
10.0.0.16,10.0.0.35,24,4440,12,2220,12,2220,5.686774438,3.573588536,4969.794318,4969.794318
10.0.0.16,10.0.0.44,24,4440,12,2220,12,2220,5.992179181,2.241965027,7921.622231,7921.622231
10.0.0.16,10.0.0.33,24,4440,12,2220,12,2220,6.759741785,3.781412457,4696.657718,4696.657718
10.0.0.16,10.0.0.45,24,4440,12,2220,12,2220,6.908710473,0.873220432,20338.50715,20338.50715
10.0.0.16,10.0.0.38,24,4440,12,2220,12,2220,7.08122186,1.992684398,8912.600519,8912.600519
10.0.0.16,10.0.0.47,24,4440,12,2220,12,2220,7.440325816,4.907459613,3618.980369,3618.980369
10.0.0.16,10.0.0.21,16,2960,8,1480,8,1480,7.732508396,3.409773693,3472.371209,3472.371209
10.0.0.16,10.0.0.19,16,2960,8,1480,8,1480,7.833174661,3.985478488,2970.785073,2970.785073
10.0.0.16,10.0.0.26,24,4440,12,2220,12,2220,8.574904159,2.089528568,8499.524856,8499.524856
10.0.0.16,10.0.0.31,24,4440,12,2220,12,2220,9.163892511,3.182781879,5580.024229,5580.024229
10.0.0.16,10.0.0.43,24,4440,12,2220,12,2220,10.1688283,2.554892662,6951.368355,6951.368355
10.0.0.16,10.0.0.48,24,4440,12,2220,12,2220,10.7019326,0.935494879,18984.60419,18984.60419
10.0.0.16,10.0.0.30,24,4440,12,2220,12,2220,12.34582517,0.770180821,23059.51994,23059.51994
10.0.0.17,10.0.0.19,16,2960,8,1480,8,1480,5.002668782,7.140517917,1658.143028,1658.143028
10.0.0.17,10.0.0.14,8,1480,4,740,4,740,5.257877841,1.687026963,3509.131822,3509.131822
10.0.0.17,10.0.0.23,16,2960,8,1480,8,1480,5.45622791,4.592842934,2577.923994,2577.923994
10.0.0.17,10.0.0.16,8,1480,4,740,4,740,5.576421224,5.015359225,1180.374074,1180.374074
10.0.0.17,10.0.0.33,24,4440,12,2220,12,2220,6.592982735,4.071456644,4362.075187,4362.075187
10.0.0.17,10.0.0.21,16,2960,8,1480,8,1480,6.830360702,0.849312093,13940.694,13940.694
10.0.0.17,10.0.0.11,8,1480,4,740,4,740,6.944380706,0.958223659,6178.098343,6178.098343
10.0.0.17,10.0.0.41,24,4440,12,2220,12,2220,6.965105941,2.031352183,8742.944797,8742.944797
10.0.0.17,10.0.0.45,24,4440,12,2220,12,2220,7.081217652,3.220777446,5514.196587,5514.196587
10.0.0.17,10.0.0.31,24,4440,12,2220,12,2220,7.081225298,5.956294832,2981.719425,2981.719425
10.0.0.17,10.0.0.27,24,4440,12,2220,12,2220,7.165082246,1.020184336,17408.61859,17408.61859
10.0.0.17,10.0.0.22,16,2960,8,1480,8,1480,7.394675384,2.442363728,4847.76279,4847.76279
10.0.0.17,10.0.0.46,24,4440,12,2220,12,2220,7.902634475,2.77498128,6400.043174,6400.043174
10.0.0.17,10.0.0.35,24,4440,12,2220,12,2220,9.612257301,2.573331172,6901.560201,6901.560201
10.0.0.17,10.0.0.32,24,4440,12,2220,12,2220,10.07871072,0.222203269,79926.81692,79926.81692
10.0.0.17,10.0.0.37,24,4440,12,2220,12,2220,10.07872491,0.890554505,19942.63114,19942.63114
10.0.0.17,10.0.0.18,16,2960,8,1480,8,1480,10.43067149,2.347948363,5042.700336,5042.700336
10.0.0.17,10.0.0.25,16,2960,8,1480,8,1480,10.91836701,1.29512526,9141.972878,9141.972878
10.0.0.17,10.0.0.49,24,4440,12,2220,12,2220,10.91837721,0.858334625,20691.231,20691.231
10.0.0.17,10.0.0.20,16,2960,8,1480,8,1480,11.33037578,1.448230234,8175.495665,8175.495665
10.0.0.18,10.0.0.25,8,1480,4,740,4,740,5.063804818,1.971895556,3002.187404,3002.187404
10.0.0.18,10.0.0.27,16,2960,8,1480,8,1480,5.1405188,6.95149412,1703.23096,1703.23096
10.0.0.18,10.0.0.15,16,2960,8,1480,8,1480,5.160402672,2.512880778,4711.723733,4711.723733
10.0.0.18,10.0.0.21,8,1480,4,740,4,740,5.274464885,0.362730763,16320.64496,16320.64496
10.0.0.18,10.0.0.41,16,2960,8,1480,8,1480,5.456940865,0.877251813,13496.69482,13496.69482
10.0.0.18,10.0.0.30,16,2960,8,1480,8,1480,6.438433537,0.130713001,90580.12523,90580.12523
10.0.0.18,10.0.0.38,16,2960,8,1480,8,1480,6.455037571,3.452547867,3429.35144,3429.35144
10.0.0.18,10.0.0.10,16,2960,8,1480,8,1480,6.715232664,2.904267306,4076.759731,4076.759731
10.0.0.18,10.0.0.32,16,2960,8,1480,8,1480,6.808359413,3.221311104,3675.522052,3675.522052
10.0.0.18,10.0.0.19,8,1480,4,740,4,740,6.988521352,3.936524255,1503.864734,1503.864734
10.0.0.18,10.0.0.16,16,2960,8,1480,8,1480,7.32901347,4.801901435,2465.689927,2465.689927
10.0.0.18,10.0.0.29,16,2960,8,1480,8,1480,7.962399283,0.604367475,19590.72996,19590.72996
10.0.0.18,10.0.0.39,16,2960,8,1480,8,1480,9.309594056,1.975655485,5992.947703,5992.947703
10.0.0.18,10.0.0.49,16,2960,8,1480,8,1480,9.665968655,0.363708522,32553.54022,32553.54022
10.0.0.18,10.0.0.24,8,1480,4,740,4,740,9.693466971,1.953274331,3030.808272,3030.808272
10.0.0.18,10.0.0.31,16,2960,8,1480,8,1480,9.752806233,0.658186241,17988.8294,17988.8294
10.0.0.18,10.0.0.23,8,1480,4,740,4,740,10.03670019,0.374039973,15827.1854,15827.1854
10.0.0.18,10.0.0.37,16,2960,8,1480,8,1480,10.37276054,1.188188322,9964.750352,9964.750352
10.0.0.18,10.0.0.28,16,2960,8,1480,8,1480,11.85624534,0.490343338,24146.34621,24146.34621
10.0.0.19,10.0.0.35,16,2960,8,1480,8,1480,5.135204991,2.354297929,5029.100121,5029.100121
10.0.0.19,10.0.0.43,16,2960,8,1480,8,1480,5.140505728,4.630778552,2556.805485,2556.805485
10.0.0.19,10.0.0.48,16,2960,8,1480,8,1480,5.140508907,7.69953117,1537.755967,1537.755967
10.0.0.19,10.0.0.29,16,2960,8,1480,8,1480,6.011565986,2.55519002,4633.706263,4633.706263
10.0.0.19,10.0.0.34,16,2960,8,1480,8,1480,6.382610785,0.554126325,21366.96898,21366.96898
10.0.0.19,10.0.0.22,8,1480,4,740,4,740,6.928330382,0.443828382,13338.48902,13338.48902
10.0.0.19,10.0.0.20,8,1480,4,740,4,740,7.068155974,3.700842389,1599.635807,1599.635807
10.0.0.19,10.0.0.26,16,2960,8,1480,8,1480,7.142982709,4.071215899,2908.222087,2908.222087
10.0.0.19,10.0.0.42,16,2960,8,1480,8,1480,7.175878321,3.803853144,3112.633309,3112.633309
10.0.0.19,10.0.0.31,16,2960,8,1480,8,1480,7.636376743,2.804297897,4222.090675,4222.090675
10.0.0.19,10.0.0.49,16,2960,8,1480,8,1480,7.895679841,4.188641543,2826.69211,2826.69211
10.0.0.19,10.0.0.28,16,2960,8,1480,8,1480,7.962403044,3.229650562,3666.031285,3666.031285
10.0.0.19,10.0.0.27,16,2960,8,1480,8,1480,8.151167929,4.547626691,2603.555834,2603.555834
10.0.0.19,10.0.0.46,16,2960,8,1480,8,1480,8.18667257,3.897420706,3037.906578,3037.906578
10.0.0.19,10.0.0.38,16,2960,8,1480,8,1480,8.301477555,1.742261076,6795.766813,6795.766813
10.0.0.19,10.0.0.47,16,2960,8,1480,8,1480,8.341690284,3.965468454,2985.775864,2985.775864
10.0.0.19,10.0.0.14,16,2960,8,1480,8,1480,8.588202343,4.110668836,2880.309865,2880.309865
10.0.0.19,10.0.0.30,16,2960,8,1480,8,1480,9.752819159,0.326138877,36303.55298,36303.55298
10.0.0.20,10.0.0.42,16,2960,8,1480,8,1480,4.993905723,7.221534838,1639.540661,1639.540661
10.0.0.20,10.0.0.26,16,2960,8,1480,8,1480,5.274433723,0.842896911,14046.79486,14046.79486
10.0.0.20,10.0.0.31,16,2960,8,1480,8,1480,5.456944504,2.032504329,5825.325846,5825.325846
10.0.0.20,10.0.0.40,16,2960,8,1480,8,1480,5.508124811,2.601686876,4550.893541,4550.893541
10.0.0.20,10.0.0.25,8,1480,4,740,4,740,5.545463018,5.650739796,1047.650434,1047.650434
10.0.0.20,10.0.0.11,16,2960,8,1480,8,1480,6.01158262,5.699824623,2077.256895,2077.256895
10.0.0.20,10.0.0.33,16,2960,8,1480,8,1480,6.110486964,6.588268678,1797.133751,1797.133751
10.0.0.20,10.0.0.14,16,2960,8,1480,8,1480,6.110502805,6.155948459,1923.342939,1923.342939
10.0.0.20,10.0.0.12,16,2960,8,1480,8,1480,6.438454055,2.068315594,5724.46489,5724.46489
10.0.0.20,10.0.0.15,16,2960,8,1480,8,1480,6.715229827,3.149768047,3759.006956,3759.006956
10.0.0.20,10.0.0.48,16,2960,8,1480,8,1480,6.808349938,4.735911519,2500.046707,2500.046707
10.0.0.20,10.0.0.16,16,2960,8,1480,8,1480,7.164505095,3.327256734,3558.48705,3558.48705
10.0.0.20,10.0.0.38,16,2960,8,1480,8,1480,7.164511207,1.608183555,7362.34366,7362.34366
10.0.0.20,10.0.0.21,8,1480,4,740,4,740,8.157739848,1.449964387,4082.858899,4082.858899
10.0.0.20,10.0.0.43,16,2960,8,1480,8,1480,8.588199294,3.164072712,3742.012614,3742.012614
10.0.0.20,10.0.0.30,16,2960,8,1480,8,1480,8.75872261,0.334840972,35360.06938,35360.06938
10.0.0.20,10.0.0.18,8,1480,4,740,4,740,8.776734381,1.767756992,3348.876586,3348.876586
10.0.0.20,10.0.0.32,16,2960,8,1480,8,1480,9.168853654,1.533603673,7720.377962,7720.377962
10.0.0.20,10.0.0.41,16,2960,8,1480,8,1480,9.309589631,2.251415754,5258.913188,5258.913188
10.0.0.20,10.0.0.36,16,2960,8,1480,8,1480,10.06158677,0.31226116,37916.97949,37916.97949
10.0.0.20,10.0.0.23,8,1480,4,740,4,740,10.29048836,0.30124493,19651.78302,19651.78302
10.0.0.20,10.0.0.46,16,2960,8,1480,8,1480,10.55293952,1.531146472,7732.767711,7732.767711
10.0.0.21,10.0.0.41,16,2960,8,1480,8,1480,5.002715073,3.418590426,3463.415772,3463.415772
10.0.0.21,10.0.0.37,16,2960,8,1480,8,1480,5.274430601,3.766992863,3143.090638,3143.090638
10.0.0.21,10.0.0.15,16,2960,8,1480,8,1480,5.545469602,3.500699067,3382.181608,3382.181608
10.0.0.21,10.0.0.38,16,2960,8,1480,8,1480,5.831430449,1.006159978,11767.51238,11767.51238
10.0.0.21,10.0.0.40,16,2960,8,1480,8,1480,6.302792915,6.375141706,1857.213619,1857.213619
10.0.0.21,10.0.0.19,8,1480,4,740,4,740,6.336787242,6.362064668,930.5155337,930.5155337
10.0.0.21,10.0.0.30,16,2960,8,1480,8,1480,6.455106585,4.687129827,2526.066151,2526.066151
10.0.0.21,10.0.0.25,8,1480,4,740,4,740,6.563308391,2.033122596,2911.77719,2911.77719
10.0.0.21,10.0.0.49,16,2960,8,1480,8,1480,7.035311435,0.254049091,46605.16577,46605.16577
10.0.0.21,10.0.0.47,16,2960,8,1480,8,1480,7.249129288,5.057992019,2340.849878,2340.849878
10.0.0.21,10.0.0.29,16,2960,8,1480,8,1480,7.329028293,1.177991251,10051.00843,10051.00843
10.0.0.21,10.0.0.23,8,1480,4,740,4,740,7.32904544,4.489472397,1318.640472,1318.640472
10.0.0.21,10.0.0.14,16,2960,8,1480,8,1480,8.006996375,1.735558483,6822.01154,6822.01154
10.0.0.21,10.0.0.28,16,2960,8,1480,8,1480,8.151182146,1.653764243,7159.424356,7159.424356
10.0.0.21,10.0.0.13,16,2960,8,1480,8,1480,8.182106224,3.464025272,3417.98892,3417.98892
10.0.0.21,10.0.0.33,16,2960,8,1480,8,1480,8.329023927,1.867399666,6340.367419,6340.367419
10.0.0.21,10.0.0.42,16,2960,8,1480,8,1480,8.426685816,2.913276195,4064.152936,4064.152936
10.0.0.21,10.0.0.34,16,2960,8,1480,8,1480,8.896397746,1.147333279,10319.58213,10319.58213
10.0.0.21,10.0.0.46,16,2960,8,1480,8,1480,9.00162894,2.785620115,4250.400094,4250.400094
10.0.0.21,10.0.0.48,16,2960,8,1480,8,1480,9.368515716,1.774683378,6671.612608,6671.612608
10.0.0.21,10.0.0.45,16,2960,8,1480,8,1480,12.18493106,0.599650341,19744.83993,19744.83993
10.0.0.22,10.0.0.38,16,2960,8,1480,8,1480,5.006630487,4.692965632,2522.924932,2522.924932
10.0.0.22,10.0.0.45,16,2960,8,1480,8,1480,5.274468404,1.338281594,8847.166436,8847.166436
10.0.0.22,10.0.0.35,16,2960,8,1480,8,1480,5.306877116,7.391867766,1601.760255,1601.760255
10.0.0.22,10.0.0.20,8,1480,4,740,4,740,5.636338019,0.320273468,18484.20363,18484.20363
10.0.0.22,10.0.0.26,16,2960,8,1480,8,1480,5.707400382,3.893589236,3040.896017,3040.896017
10.0.0.22,10.0.0.31,16,2960,8,1480,8,1480,5.778052863,6.298301894,1879.871781,1879.871781
10.0.0.22,10.0.0.29,16,2960,8,1480,8,1480,6.32504192,5.479088577,2160.943346,2160.943346
10.0.0.22,10.0.0.41,16,2960,8,1480,8,1480,6.382622358,1.439713419,8223.85889,8223.85889
10.0.0.22,10.0.0.28,16,2960,8,1480,8,1480,6.438424378,0.686234974,17253.56539,17253.56539
10.0.0.22,10.0.0.48,16,2960,8,1480,8,1480,6.715223129,0.997069038,11874.8046,11874.8046
10.0.0.22,10.0.0.44,16,2960,8,1480,8,1480,7.144325037,5.54088337,2136.843389,2136.843389
10.0.0.22,10.0.0.23,8,1480,4,740,4,740,7.164501935,5.293755832,1118.29865,1118.29865
10.0.0.22,10.0.0.36,16,2960,8,1480,8,1480,7.164508299,0.798831861,14821.64217,14821.64217
10.0.0.22,10.0.0.16,16,2960,8,1480,8,1480,7.249125806,5.449732325,2172.58377,2172.58377
10.0.0.22,10.0.0.37,16,2960,8,1480,8,1480,7.614750489,1.278314511,9262.196352,9262.196352
10.0.0.22,10.0.0.43,16,2960,8,1480,8,1480,8.230114592,1.818867216,6509.546104,6509.546104
10.0.0.22,10.0.0.13,16,2960,8,1480,8,1480,8.328961305,0.43162508,27431.21415,27431.21415
10.0.0.22,10.0.0.49,16,2960,8,1480,8,1480,8.776738324,3.438688429,3443.173246,3443.173246
10.0.0.22,10.0.0.24,8,1480,4,740,4,740,9.069873825,0.694238117,8527.333569,8527.333569
10.0.0.22,10.0.0.27,16,2960,8,1480,8,1480,9.078455202,3.815210958,3103.367056,3103.367056
10.0.0.22,10.0.0.21,8,1480,4,740,4,740,9.429846233,2.888744861,2049.33294,2049.33294
10.0.0.22,10.0.0.18,8,1480,4,740,4,740,9.45198458,3.246979094,1823.233174,1823.233174
10.0.0.22,10.0.0.14,16,2960,8,1480,8,1480,12.14020072,0.558752869,21190.0478,21190.0478
10.0.0.23,10.0.0.12,16,2960,8,1480,8,1480,5.160390576,3.180260123,3722.965903,3722.965903
10.0.0.23,10.0.0.13,16,2960,8,1480,8,1480,5.904644756,5.405484896,2190.367789,2190.367789
10.0.0.23,10.0.0.16,16,2960,8,1480,8,1480,6.137179716,5.644861367,2097.482866,2097.482866
10.0.0.23,10.0.0.34,16,2960,8,1480,8,1480,6.137201352,0.253476408,46710.46151,46710.46151
10.0.0.23,10.0.0.19,8,1480,4,740,4,740,6.445352699,5.201377103,1138.160122,1138.160122
10.0.0.23,10.0.0.39,16,2960,8,1480,8,1480,6.563249211,3.847763718,3077.112023,3077.112023
10.0.0.23,10.0.0.43,16,2960,8,1480,8,1480,7.078503557,5.627366487,2104.003716,2104.003716
10.0.0.23,10.0.0.49,16,2960,8,1480,8,1480,7.371829074,3.42928734,3452.612402,3452.612402
10.0.0.23,10.0.0.48,16,2960,8,1480,8,1480,7.554087934,0.469946544,25194.35487,25194.35487
10.0.0.23,10.0.0.25,8,1480,4,740,4,740,7.636398066,4.584181469,1291.397393,1291.397393
10.0.0.23,10.0.0.15,16,2960,8,1480,8,1480,8.006990895,2.072062327,5714.11383,5714.11383
10.0.0.23,10.0.0.30,16,2960,8,1480,8,1480,8.896376336,3.834469659,3087.780333,3087.780333
10.0.0.23,10.0.0.27,16,2960,8,1480,8,1480,9.168846302,0.955432453,12392.29415,12392.29415
10.0.0.23,10.0.0.11,16,2960,8,1480,8,1480,9.368573157,2.89788804,4085.734106,4085.734106
10.0.0.23,10.0.0.46,16,2960,8,1480,8,1480,9.607445169,1.193582141,9919.719467,9919.719467
10.0.0.23,10.0.0.36,16,2960,8,1480,8,1480,10.11861146,2.206540205,5365.866424,5365.866424
10.0.0.23,10.0.0.33,16,2960,8,1480,8,1480,10.37276699,0.168225738,70381.6202,70381.6202
10.0.0.23,10.0.0.31,16,2960,8,1480,8,1480,11.19404017,0.346642873,34156.19048,34156.19048
10.0.0.23,10.0.0.35,16,2960,8,1480,8,1480,11.61210686,1.253311785,9446.970931,9446.970931
10.0.0.24,10.0.0.17,16,3162,8,1682,8,1480,4.993908573,4.201682397,3202.526685,2817.918843
10.0.0.24,10.0.0.29,16,2960,8,1480,8,1480,5.451188817,5.521668918,2144.279234,2144.279234
10.0.0.24,10.0.0.20,8,1480,4,740,4,740,5.457047943,4.990493771,1186.255363,1186.255363
10.0.0.24,10.0.0.45,16,2960,8,1480,8,1480,5.906026647,0.801392071,14774.29142,14774.29142
10.0.0.24,10.0.0.28,16,2960,8,1480,8,1480,6.110493533,4.962019001,2386.125486,2386.125486
10.0.0.24,10.0.0.14,16,2960,8,1480,8,1480,6.382606856,3.813932812,3104.407074,3104.407074
10.0.0.24,10.0.0.32,16,2960,8,1480,8,1480,6.445362519,5.115617988,2314.480876,2314.480876
10.0.0.24,10.0.0.37,16,2960,8,1480,8,1480,6.944724974,5.048147246,2345.414946,2345.414946
10.0.0.24,10.0.0.23,8,1480,4,740,4,740,7.614747569,0.615463129,9618.772792,9618.772792
10.0.0.24,10.0.0.41,16,2960,8,1480,8,1480,7.824964764,0.331729528,35691.72775,35691.72775
10.0.0.24,10.0.0.26,16,2960,8,1480,8,1480,8.007002645,1.692571098,6995.27483,6995.27483
10.0.0.24,10.0.0.43,16,2960,8,1480,8,1480,8.588196379,1.183109811,10007.52415,10007.52415
10.0.0.24,10.0.0.21,8,1480,4,740,4,740,8.63934016,1.131185547,5233.447347,5233.447347
10.0.0.24,10.0.0.46,16,2960,8,1480,8,1480,8.758710033,3.474153358,3408.024569,3408.024569
10.0.0.24,10.0.0.13,16,2960,8,1480,8,1480,8.764309054,2.305525317,5135.489041,5135.489041
10.0.0.24,10.0.0.47,16,2960,8,1480,8,1480,9.763519347,2.871725991,4122.956033,4122.956033
10.0.0.24,10.0.0.19,8,1480,4,740,4,740,10.58270042,1.476852533,4008.524797,4008.524797
10.0.0.24,10.0.0.16,16,2960,8,1480,8,1480,11.78258434,0.608430697,19459.89914,19459.89914
10.0.0.25,10.0.0.15,16,2960,8,1480,8,1480,5.160393491,5.650234842,2095.488122,2095.488122
10.0.0.25,10.0.0.40,16,2960,8,1480,8,1480,5.474200915,0.860040559,13766.7926,13766.7926
10.0.0.25,10.0.0.29,16,2960,8,1480,8,1480,5.545459845,6.725892877,1760.361073,1760.361073
10.0.0.25,10.0.0.32,16,2960,8,1480,8,1480,5.682256156,2.347463393,5043.742124,5043.742124
10.0.0.25,10.0.0.28,16,2960,8,1480,8,1480,6.110490267,4.061534593,2915.154292,2915.154292
10.0.0.25,10.0.0.48,16,2960,8,1480,8,1480,6.137167936,0.79958209,14807.73538,14807.73538
10.0.0.25,10.0.0.24,8,1480,4,740,4,740,6.391117479,5.700703694,1038.468287,1038.468287
10.0.0.25,10.0.0.26,16,2960,8,1480,8,1480,6.438436869,5.344601134,2215.319666,2215.319666
10.0.0.25,10.0.0.37,16,2960,8,1480,8,1480,6.578721577,3.120888843,3793.790999,3793.790999
10.0.0.25,10.0.0.22,8,1480,4,740,4,740,6.853825304,1.153252668,5133.307006,5133.307006
10.0.0.25,10.0.0.36,16,2960,8,1480,8,1480,7.329023658,0.408907439,28955.20812,28955.20812
10.0.0.25,10.0.0.47,16,2960,8,1480,8,1480,7.452411797,4.63190039,2556.186231,2556.186231
10.0.0.25,10.0.0.19,8,1480,4,740,4,740,7.824974998,0.438358015,13504.94299,13504.94299
10.0.0.25,10.0.0.38,16,2960,8,1480,8,1480,8.426695205,3.033295127,3903.345868,3903.345868
10.0.0.25,10.0.0.45,16,2960,8,1480,8,1480,8.758716083,3.581445197,3305.928012,3305.928012
10.0.0.25,10.0.0.31,16,2960,8,1480,8,1480,10.18506045,2.149497454,5508.264259,5508.264259
10.0.0.25,10.0.0.16,16,2960,8,1480,8,1480,10.6991555,0.182706989,64803.21341,64803.21341
10.0.0.25,10.0.0.39,16,2960,8,1480,8,1480,11.25260398,1.16311202,10179.587,10179.587
10.0.0.26,10.0.0.14,24,4506,12,2220,12,2286,5.002707898,4.862391502,3652.523659,3761.1122
10.0.0.26,10.0.0.30,8,1480,4,740,4,740,5.680660807,2.282630718,2593.498788,2593.498788
10.0.0.26,10.0.0.15,24,4440,12,2220,12,2220,5.835756198,2.157367526,8232.255184,8232.255184
10.0.0.26,10.0.0.45,24,4440,12,2220,12,2220,6.078555531,1.47849538,12012.21204,12012.21204
10.0.0.26,10.0.0.48,24,4440,12,2220,12,2220,6.07856964,5.786341483,3069.296904,3069.296904
10.0.0.26,10.0.0.18,16,2960,8,1480,8,1480,6.331588203,4.213871514,2809.767683,2809.767683
10.0.0.26,10.0.0.36,24,4440,12,2220,12,2220,6.57861263,1.417305822,12530.81708,12530.81708
10.0.0.26,10.0.0.44,24,4440,12,2220,12,2220,6.698117627,2.342883587,7580.402244,7580.402244
10.0.0.26,10.0.0.29,8,1480,4,740,4,740,7.078452768,1.558954762,3797.416156,3797.416156
10.0.0.26,10.0.0.28,8,1480,4,740,4,740,7.370968913,2.197994166,2693.364747,2693.364747
10.0.0.26,10.0.0.23,16,2960,8,1480,8,1480,7.895557562,3.3004842,3587.352425,3587.352425
10.0.0.26,10.0.0.17,24,4440,12,2220,12,2220,7.895560593,1.186365476,14970.09173,14970.09173
10.0.0.26,10.0.0.38,24,4440,12,2220,12,2220,8.913432079,0.994186721,17863.84753,17863.84753
10.0.0.26,10.0.0.21,16,2960,8,1480,8,1480,9.367355282,3.332042371,3553.376182,3553.376182
10.0.0.26,10.0.0.40,24,4440,12,2220,12,2220,9.367375515,1.551667099,11445.75406,11445.75406
10.0.0.26,10.0.0.32,8,1480,4,740,4,740,10.56126634,0.511198376,11580.63147,11580.63147
10.0.0.27,10.0.0.46,24,4440,12,2220,12,2220,5.416792052,6.810966925,2607.559278,2607.559278
10.0.0.27,10.0.0.28,8,1480,4,740,4,740,6.078548726,4.846440484,1221.515052,1221.515052
10.0.0.27,10.0.0.42,24,4440,12,2220,12,2220,6.30270837,0.510497949,34789.56191,34789.56191
10.0.0.27,10.0.0.30,8,1480,4,740,4,740,6.67549043,3.386649034,1748.040597,1748.040597
10.0.0.27,10.0.0.34,24,4440,12,2220,12,2220,7.005154288,3.831630696,4635.102234,4635.102234
10.0.0.27,10.0.0.21,16,2960,8,1480,8,1480,7.175805986,0.756806738,15644.68101,15644.68101
10.0.0.27,10.0.0.47,24,4440,12,2220,12,2220,7.327613777,2.132185274,8329.482534,8329.482534
10.0.0.27,10.0.0.10,24,4440,12,2220,12,2220,7.336353756,1.180263754,15047.48404,15047.48404
10.0.0.27,10.0.0.26,8,1480,4,740,4,740,7.874527203,2.877458358,2057.371216,2057.371216
10.0.0.27,10.0.0.24,16,2960,8,1480,8,1480,7.962292743,2.485466859,4763.692566,4763.692566
10.0.0.27,10.0.0.39,24,4440,12,2220,12,2220,8.15092421,0.152597,116384.9879,116384.9879
10.0.0.27,10.0.0.45,24,4440,12,2220,12,2220,8.209651208,2.871762556,6184.355306,6184.355306
10.0.0.27,10.0.0.33,8,1480,4,740,4,740,8.656219649,3.403429724,1739.421842,1739.421842
10.0.0.27,10.0.0.31,8,1480,4,740,4,740,8.91346646,0.655468955,9031.701585,9031.701585
10.0.0.27,10.0.0.14,24,4440,12,2220,12,2220,9.793397123,0.375596806,47284.74714,47284.74714
10.0.0.27,10.0.0.11,24,4440,12,2220,12,2220,10.41051115,2.324265755,7641.122777,7641.122777
10.0.0.27,10.0.0.16,24,4440,12,2220,12,2220,10.54071871,2.52548863,7032.302497,7032.302497
10.0.0.27,10.0.0.25,16,2960,8,1480,8,1480,10.55154089,0.112871575,104897.9781,104897.9781
10.0.0.27,10.0.0.38,24,4440,12,2220,12,2220,11.3466358,0.58960821,30121.69725,30121.69725
10.0.0.27,10.0.0.20,16,2960,8,1480,8,1480,11.64561129,0.567999558,20845.08664,20845.08664
10.0.0.28,10.0.0.14,24,4440,12,2220,12,2220,5.140456598,3.564471342,4982.506043,4982.506043
10.0.0.28,10.0.0.40,24,4440,12,2220,12,2220,5.544504435,7.415974036,2394.830391,2394.830391
10.0.0.28,10.0.0.44,24,4440,12,2220,12,2220,5.544508856,4.485190102,3959.698384,3959.698384
10.0.0.28,10.0.0.30,8,1480,4,740,4,740,5.898842701,1.472240867,4021.081151,4021.081151
10.0.0.28,10.0.0.10,24,4440,12,2220,12,2220,6.135539039,6.930608604,2562.545516,2562.545516
10.0.0.28,10.0.0.20,16,2960,8,1480,8,1480,6.254433361,4.941626866,2395.97208,2395.97208
10.0.0.28,10.0.0.36,24,4440,12,2220,12,2220,6.331522119,1.631791157,10883.74571,10883.74571
10.0.0.28,10.0.0.13,24,4440,12,2220,12,2220,6.46031838,1.09678648,16192.75978,16192.75978
10.0.0.28,10.0.0.33,8,1480,4,740,4,740,6.553183301,3.476468073,1702.877713,1702.877713
10.0.0.28,10.0.0.12,24,4440,12,2220,12,2220,7.895541067,2.295760939,7735.997115,7735.997115
10.0.0.28,10.0.0.23,16,2960,8,1480,8,1480,8.20964636,0.736376618,16078.72889,16078.72889
10.0.0.28,10.0.0.16,24,4440,12,2220,12,2220,8.42651777,1.742492176,10192.29828,10192.29828
10.0.0.28,10.0.0.34,24,4440,12,2220,12,2220,9.693359133,1.225670917,14490.02318,14490.02318
10.0.0.28,10.0.0.35,24,5036,12,2220,12,2816,10.75173721,1.340190591,13251.84651,16809.54944
10.0.0.28,10.0.0.17,24,4440,12,2220,12,2220,11.21402025,1.132329734,15684.47729,15684.47729
10.0.0.29,10.0.0.30,8,1480,4,740,4,740,5.257949448,0.877760029,6744.440171,6744.440171
10.0.0.29,10.0.0.16,24,4440,12,2220,12,2220,5.284264035,0.928179737,19134.22508,19134.22508
10.0.0.29,10.0.0.39,24,4440,12,2220,12,2220,5.468730156,0.211887601,83818.02388,83818.02388
10.0.0.29,10.0.0.14,24,4440,12,2220,12,2220,5.707329826,4.035208289,4401.259793,4401.259793
10.0.0.29,10.0.0.41,24,4440,12,2220,12,2220,6.135553646,2.569395405,6912.131922,6912.131922
10.0.0.29,10.0.0.11,24,4440,12,2220,12,2220,6.331591915,0.372479762,47680.44284,47680.44284
10.0.0.29,10.0.0.28,8,1480,4,740,4,740,6.395180393,4.288076835,1380.572277,1380.572277
10.0.0.29,10.0.0.47,24,4440,12,2220,12,2220,6.69812323,3.426396099,5183.288647,5183.288647
10.0.0.29,10.0.0.31,8,1480,4,740,4,740,6.808234069,4.538522339,1304.389305,1304.389305
10.0.0.29,10.0.0.17,24,4440,12,2220,12,2220,7.248970504,3.181980509,5581.429537,5581.429537
10.0.0.29,10.0.0.13,24,4440,12,2220,12,2220,7.336358131,1.828066081,9715.184907,9715.184907
10.0.0.29,10.0.0.35,24,4440,12,2220,12,2220,7.469487828,2.145102727,8279.323772,8279.323772
10.0.0.29,10.0.0.27,8,1480,4,740,4,740,7.629416748,4.101834157,1443.25679,1443.25679
10.0.0.29,10.0.0.20,16,2960,8,1480,8,1480,7.874445524,0.886345313,13358.22487,13358.22487
10.0.0.29,10.0.0.33,8,1480,4,740,4,740,8.895582399,0.471865832,12545.93912,12545.93912
10.0.0.29,10.0.0.40,24,4440,12,2220,12,2220,9.367394778,3.310863099,5364.160181,5364.160181
10.0.0.29,10.0.0.49,24,4440,12,2220,12,2220,9.693364998,3.146681955,5644.040375,5644.040375
10.0.0.29,10.0.0.23,16,2960,8,1480,8,1480,10.28992709,0.263277032,44971.64037,44971.64037
10.0.0.29,10.0.0.48,24,4440,12,2220,12,2220,11.34670262,0.518216008,34271.42297,34271.42297
10.0.0.29,10.0.0.44,24,4440,12,2220,12,2220,11.8036444,0.660920792,26871.60128,26871.60128
10.0.0.30,10.0.0.33,8,1480,4,740,4,740,5.160326895,1.171875631,5051.730613,5051.730613
10.0.0.30,10.0.0.35,24,4440,12,2220,12,2220,5.2579555,5.554393472,3197.468831,3197.468831
10.0.0.30,10.0.0.37,24,4440,12,2220,12,2220,5.257961951,4.526445557,3923.608442,3923.608442
10.0.0.30,10.0.0.17,24,4440,12,2220,12,2220,5.636224765,4.720682544,3762.167829,3762.167829
10.0.0.30,10.0.0.46,24,4440,12,2220,12,2220,6.078552354,5.002828147,3549.99202,3549.99202
10.0.0.30,10.0.0.22,16,2960,8,1480,8,1480,6.10297601,0.234109827,50574.55363,50574.55363
10.0.0.30,10.0.0.24,16,2960,8,1480,8,1480,6.217077073,3.990496087,2967.049645,2967.049645
10.0.0.30,10.0.0.34,24,4440,12,2220,12,2220,6.217096677,6.46087011,2748.855757,2748.855757
10.0.0.30,10.0.0.38,24,4440,12,2220,12,2220,6.217100176,4.352043903,4080.841185,4080.841185
10.0.0.30,10.0.0.25,16,2960,8,1480,8,1480,6.675496858,6.103203056,1939.964948,1939.964948
10.0.0.30,10.0.0.12,24,4440,12,2220,12,2220,7.469344012,1.568584057,11322.31322,11322.31322
10.0.0.30,10.0.0.45,24,4440,12,2220,12,2220,7.608461797,4.856115161,3657.244404,3657.244404
10.0.0.30,10.0.0.42,24,4440,12,2220,12,2220,8.008789777,0.320998349,55327.38737,55327.38737
10.0.0.30,10.0.0.44,24,4440,12,2220,12,2220,8.764228147,0.343220142,51745.21488,51745.21488
10.0.0.31,10.0.0.42,24,4440,12,2220,12,2220,5.456864979,0.983151375,18064.35962,18064.35962
10.0.0.31,10.0.0.28,8,1480,4,740,4,740,5.548058123,2.491707506,2375.880791,2375.880791
10.0.0.31,10.0.0.46,24,4440,12,2220,12,2220,5.548065151,3.559303313,4989.74053,4989.74053
10.0.0.31,10.0.0.11,24,5036,12,2816,12,2220,5.548068428,6.163286948,3655.192463,2881.579286
10.0.0.31,10.0.0.14,24,4440,12,2220,12,2220,5.680702142,7.175353709,2475.139306,2475.139306
10.0.0.31,10.0.0.49,24,4440,12,2220,12,2220,5.898839772,1.741876117,10195.90304,10195.90304
10.0.0.31,10.0.0.35,24,4440,12,2220,12,2220,6.13551977,3.316767114,5354.611702,5354.611702
10.0.0.31,10.0.0.30,8,1480,4,740,4,740,6.511400473,0.568952228,10405.09151,10405.09151
10.0.0.31,10.0.0.26,8,1480,4,740,4,740,7.175845728,0.151817249,38994.25157,38994.25157
10.0.0.31,10.0.0.24,16,2960,8,1480,8,1480,7.194982633,0.160204927,73905.3425,73905.3425
10.0.0.31,10.0.0.47,24,4440,12,2220,12,2220,7.678019619,3.694458637,4807.199578,4807.199578
10.0.0.31,10.0.0.40,24,4440,12,2220,12,2220,7.874530403,2.033073522,8735.542423,8735.542423
10.0.0.31,10.0.0.21,16,2960,8,1480,8,1480,8.029050611,1.400277583,8455.466362,8455.466362
10.0.0.31,10.0.0.12,24,4440,12,2220,12,2220,8.426514695,2.883534878,6159.107051,6159.107051
10.0.0.31,10.0.0.41,24,4440,12,2220,12,2220,10.55158622,1.86058024,9545.40934,9545.40934
10.0.0.31,10.0.0.45,24,4452,12,2220,12,2232,10.60789884,0.237293044,74844.1661,75248.72916
10.0.0.31,10.0.0.44,24,4440,12,2220,12,2220,10.81286251,0.559628412,31735.3437,31735.3437
10.0.0.32,10.0.0.44,24,4440,12,2220,12,2220,5.548050729,4.216098459,4212.425344,4212.425344
10.0.0.32,10.0.0.15,24,4440,12,2220,12,2220,5.566362864,3.885890218,4570.381304,4570.381304
10.0.0.32,10.0.0.41,24,4440,12,2220,12,2220,5.636234503,3.437605222,5166.387311,5166.387311
10.0.0.32,10.0.0.16,24,4440,12,2220,12,2220,5.680697982,1.498245896,11853.86194,11853.86194
10.0.0.32,10.0.0.29,8,1480,4,740,4,740,5.831297307,5.360722331,1104.328789,1104.328789
10.0.0.32,10.0.0.36,24,4440,12,2220,12,2220,6.078563753,0.910812129,19499.08157,19499.08157
10.0.0.32,10.0.0.21,16,2960,8,1480,8,1480,6.102973242,6.532235964,1812.549342,1812.549342
10.0.0.32,10.0.0.48,24,4440,12,2220,12,2220,6.13552877,3.324262138,5342.538964,5342.538964
10.0.0.32,10.0.0.39,24,4440,12,2220,12,2220,6.135557927,3.6288184,4894.155078,4894.155078
10.0.0.32,10.0.0.38,24,4440,12,2220,12,2220,6.143566849,1.035405355,17152.70248,17152.70248
10.0.0.32,10.0.0.28,8,1480,4,740,4,740,6.254427958,2.642170077,2240.582486,2240.582486
10.0.0.32,10.0.0.19,16,2960,8,1480,8,1480,6.331583736,3.720757525,3182.1477,3182.1477
10.0.0.32,10.0.0.12,24,4440,12,2220,12,2220,6.568401079,4.741623898,3745.552237,3745.552237
10.0.0.32,10.0.0.42,24,4440,12,2220,12,2220,6.883634124,6.225941102,2852.580792,2852.580792
10.0.0.32,10.0.0.45,24,4440,12,2220,12,2220,6.883696106,2.157330049,8232.398194,8232.398194
10.0.0.32,10.0.0.11,24,4440,12,2220,12,2220,6.941866296,2.096073496,8472.985338,8472.985338
10.0.0.32,10.0.0.34,24,4440,12,2220,12,2220,7.608466322,2.175970776,8161.874321,8161.874321
10.0.0.32,10.0.0.14,24,4440,12,2220,12,2220,7.677980739,4.51882502,3930.225207,3930.225207
10.0.0.32,10.0.0.40,24,4440,12,2220,12,2220,8.008794123,2.115703376,8394.371442,8394.371442
10.0.0.32,10.0.0.47,24,4440,12,2220,12,2220,8.365599653,0.534325245,33238.18249,33238.18249
10.0.0.32,10.0.0.30,8,1480,4,740,4,740,9.693354168,0.070785087,83633.43539,83633.43539
10.0.0.32,10.0.0.22,16,2960,8,1480,8,1480,10.41052451,1.914792429,6183.43786,6183.43786
10.0.0.32,10.0.0.27,8,1480,4,740,4,740,10.55153308,0.557481288,10619.1905,10619.1905
10.0.0.32,10.0.0.31,8,1480,4,740,4,740,11.73103103,0.051849359,114176.9178,114176.9178
10.0.0.32,10.0.0.23,16,2960,8,1480,8,1480,12.07620886,0.601428718,19686.45601,19686.45601
10.0.0.32,10.0.0.37,24,4440,12,2220,12,2220,12.18481998,0.775645904,22897.04607,22897.04607
10.0.0.33,10.0.0.42,24,4440,12,2220,12,2220,5.002701008,4.189146506,4239.527067,4239.527067
10.0.0.33,10.0.0.11,24,4440,12,2220,12,2220,5.707332963,0.589298526,30137.5266,30137.5266
10.0.0.33,10.0.0.24,16,2960,8,1480,8,1480,5.842606573,3.910516103,3027.733345,3027.733345
10.0.0.33,10.0.0.19,16,2960,8,1480,8,1480,5.842609228,1.102380123,10740.39685,10740.39685
10.0.0.33,10.0.0.13,24,4440,12,2220,12,2220,5.931627255,5.378408247,3302.092215,3302.092215
10.0.0.33,10.0.0.25,16,2960,8,1480,8,1480,6.102955679,0.470085994,25186.88102,25186.88102
10.0.0.33,10.0.0.12,24,4440,12,2220,12,2220,6.102960179,0.734640081,24175.10351,24175.10351
10.0.0.33,10.0.0.36,24,4452,12,2232,12,2220,6.135543117,4.833788619,3693.996864,3674.136666
10.0.0.33,10.0.0.26,8,1480,4,740,4,740,6.382297563,0.321698017,18402.35154,18402.35154
10.0.0.33,10.0.0.10,24,4440,12,2220,12,2220,6.821139611,2.343294409,7579.073262,7579.073262
10.0.0.33,10.0.0.18,16,2960,8,1480,8,1480,7.62942037,3.623210364,3267.820195,3267.820195
10.0.0.33,10.0.0.22,16,2960,8,1480,8,1480,8.156594231,3.550739533,3334.516624,3334.516624
10.0.0.33,10.0.0.40,24,4440,12,2220,12,2220,8.426537921,3.356578325,5291.10251,5291.10251
10.0.0.33,10.0.0.47,24,4440,12,2220,12,2220,10.0468296,0.139634236,127189.438,127189.438
10.0.0.33,10.0.0.15,24,4440,12,2220,12,2220,10.11809076,1.677426539,10587.64696,10587.64696
10.0.0.33,10.0.0.32,8,1480,4,740,4,740,10.30938379,0.61569001,9615.228287,9615.228287
10.0.0.33,10.0.0.14,24,4440,12,2220,12,2220,10.68316902,0.28623988,62045.86167,62045.86167
10.0.0.33,10.0.0.31,8,1480,4,740,4,740,12.05763852,0.288769927,20500.74972,20500.74972
10.0.0.34,10.0.0.17,24,4440,12,2220,12,2220,5.833251359,3.004478336,5911.175923,5911.175923
10.0.0.34,10.0.0.11,24,4440,12,2220,12,2220,6.334000286,2.503736531,7093.398119,7093.398119
10.0.0.34,10.0.0.48,24,4440,12,2220,12,2220,6.382191807,3.395930203,5229.789465,5229.789465
10.0.0.34,10.0.0.20,16,2960,8,1480,8,1480,6.595082494,5.705439043,2075.212777,2075.212777
10.0.0.34,10.0.0.33,24,4440,12,2220,12,2220,6.695439151,2.90560646,6112.321212,6112.321212
10.0.0.34,10.0.0.36,8,1480,4,740,4,740,6.80492392,0.13217224,44790.04063,44790.04063
10.0.0.34,10.0.0.43,24,4440,12,2220,12,2220,6.815398807,2.084384754,8520.499858,8520.499858
10.0.0.34,10.0.0.26,24,4440,12,2220,12,2220,7.164313431,5.797747988,3063.258361,3063.258361
10.0.0.34,10.0.0.46,24,4440,12,2220,12,2220,7.743806883,1.363621803,13024.13907,13024.13907
10.0.0.34,10.0.0.42,24,4440,12,2220,12,2220,8.008729233,2.304641969,7706.18614,7706.18614
10.0.0.34,10.0.0.24,16,2960,8,1480,8,1480,8.229854633,3.022727797,3916.991802,3916.991802
10.0.0.34,10.0.0.25,16,2960,8,1480,8,1480,8.301143535,0.266270792,44466.01113,44466.01113
10.0.0.34,10.0.0.16,24,4440,12,2220,12,2220,9.039453913,2.756054315,6443.994918,6443.994918
10.0.0.34,10.0.0.13,24,4440,12,2220,12,2220,9.03946034,1.711043816,10379.62899,10379.62899
10.0.0.34,10.0.0.22,16,2960,8,1480,8,1480,9.763192559,2.537410605,4666.174239,4666.174239
10.0.0.34,10.0.0.41,8,1480,4,740,4,740,10.12166434,1.87116043,3163.812095,3163.812095
10.0.0.34,10.0.0.39,8,1480,4,740,4,740,10.18454624,0.517927606,11430.16887,11430.16887
10.0.0.34,10.0.0.29,24,4440,12,2220,12,2220,11.20934557,1.108515435,16021.42779,16021.42779
10.0.0.34,10.0.0.31,24,4440,12,2220,12,2220,11.20935484,1.385207115,12821.18739,12821.18739
10.0.0.34,10.0.0.18,16,2960,8,1480,8,1480,11.45969996,1.176037347,10067.70748,10067.70748
10.0.0.35,10.0.0.26,24,4440,12,2220,12,2220,5.544427789,4.12047943,4310.178051,4310.178051
10.0.0.35,10.0.0.32,24,4440,12,2220,12,2220,5.693293277,5.1435395,3452.875204,3452.875204
10.0.0.35,10.0.0.21,16,2960,8,1480,8,1480,5.693307409,5.212217313,2271.586024,2271.586024
10.0.0.35,10.0.0.48,24,4440,12,2220,12,2220,5.898814887,5.053620564,3514.31212,3514.31212
10.0.0.35,10.0.0.34,8,1480,4,740,4,740,6.078413932,0.683905482,8656.166906,8656.166906
10.0.0.35,10.0.0.24,16,2960,8,1480,8,1480,6.078441639,2.735130439,4328.861187,4328.861187
10.0.0.35,10.0.0.20,16,2960,8,1480,8,1480,6.226890595,3.083162677,3840.212548,3840.212548
10.0.0.35,10.0.0.15,24,4440,12,2220,12,2220,6.988379907,4.35544323,4077.656179,4077.656179
10.0.0.35,10.0.0.14,24,4440,12,2220,12,2220,7.336280951,3.633103271,4888.382926,4888.382926
10.0.0.35,10.0.0.33,24,4440,12,2220,12,2220,7.365233402,2.439694364,7279.600372,7279.600372
10.0.0.35,10.0.0.43,24,4440,12,2220,12,2220,7.573109319,1.326697926,13386.61925,13386.61925
10.0.0.35,10.0.0.45,24,4440,12,2220,12,2220,7.5731138,4.975049882,3569.813453,3569.813453
10.0.0.35,10.0.0.49,24,4440,12,2220,12,2220,7.632612247,1.434141568,12383.71469,12383.71469
10.0.0.35,10.0.0.18,16,2960,8,1480,8,1480,7.737536483,4.857262421,2437.587055,2437.587055
10.0.0.35,10.0.0.37,8,1480,4,740,4,740,8.153512765,0.619151097,9561.478658,9561.478658
10.0.0.35,10.0.0.25,16,2960,8,1480,8,1480,8.505100461,2.103593885,5628.462834,5628.462834
10.0.0.35,10.0.0.41,8,1480,4,740,4,740,8.585824112,1.18369133,5001.303845,5001.303845
10.0.0.35,10.0.0.36,8,1480,4,740,4,740,8.761392536,0.402781355,14697.8005,14697.8005
10.0.0.35,10.0.0.10,24,4440,12,2220,12,2220,9.039433799,2.304382296,7707.054524,7707.054524
10.0.0.35,10.0.0.27,24,4440,12,2220,12,2220,9.451658424,2.109297201,8419.866101,8419.866101
10.0.0.36,10.0.0.30,24,4440,12,2220,12,2220,5.132834513,4.034060984,4402.511531,4402.511531
10.0.0.36,10.0.0.49,24,4440,12,2220,12,2220,5.160206552,3.61801184,4908.773322,4908.773322
10.0.0.36,10.0.0.12,24,4440,12,2220,12,2220,5.257907868,6.873075295,2583.996135,2583.996135
10.0.0.36,10.0.0.47,24,4440,12,2220,12,2220,5.271106067,0.237709133,74713.15795,74713.15795
10.0.0.36,10.0.0.29,24,4440,12,2220,12,2220,5.544424206,5.74086149,3093.612349,3093.612349
10.0.0.36,10.0.0.44,24,4440,12,2220,12,2220,6.078426576,3.692933224,4809.185253,4809.185253
10.0.0.36,10.0.0.41,8,1480,4,740,4,740,6.135417913,2.63725606,2244.757379,2244.757379
10.0.0.36,10.0.0.19,16,2960,8,1480,8,1480,6.460294693,4.084953964,2898.441477,2898.441477
10.0.0.36,10.0.0.37,8,1480,4,740,4,740,6.81538713,4.327069584,1368.131454,1368.131454
10.0.0.36,10.0.0.21,16,2960,8,1480,8,1480,6.935209178,0.809608411,14624.354,14624.354
10.0.0.36,10.0.0.24,16,2960,8,1480,8,1480,7.005090339,4.487287815,2638.564872,2638.564872
10.0.0.36,10.0.0.48,24,4440,12,2220,12,2220,7.288799967,4.901734543,3623.207223,3623.207223
10.0.0.36,10.0.0.16,24,4440,12,2220,12,2220,7.336272851,0.656824001,27039.20681,27039.20681
10.0.0.36,10.0.0.27,24,4440,12,2220,12,2220,7.351498759,5.610584497,3165.445598,3165.445598
10.0.0.36,10.0.0.43,24,4440,12,2220,12,2220,7.743803874,1.223770377,14512.52648,14512.52648
10.0.0.36,10.0.0.17,24,4440,12,2220,12,2220,7.821994406,1.640152484,10828.2615,10828.2615
10.0.0.36,10.0.0.15,24,4440,12,2220,12,2220,8.4155116,0.422203345,42065.03859,42065.03859
10.0.0.36,10.0.0.31,24,4440,12,2220,12,2220,8.995425961,0.775053149,22914.55757,22914.55757
10.0.0.36,10.0.0.45,24,4440,12,2220,12,2220,9.085533962,1.840350773,9650.334197,9650.334197
10.0.0.36,10.0.0.38,8,1480,4,740,4,740,10.30082327,0.771666184,7671.711062,7671.711062
10.0.0.36,10.0.0.18,16,2960,8,1480,8,1480,11.3120487,0.831181516,14244.7826,14244.7826
10.0.0.36,10.0.0.11,24,4440,12,2220,12,2220,11.48649976,1.224075285,14508.91152,14508.91152
10.0.0.37,10.0.0.12,24,4642,12,2422,12,2220,4.990994323,5.759523667,3364.167094,3083.588336
10.0.0.37,10.0.0.31,24,4440,12,2220,12,2220,5.333342177,4.696371012,3781.643306,3781.643306
10.0.0.37,10.0.0.45,24,4440,12,2220,12,2220,5.456361153,4.580930716,3876.941412,3876.941412
10.0.0.37,10.0.0.23,16,2960,8,1480,8,1480,5.555865618,6.905871369,1714.483136,1714.483136
10.0.0.37,10.0.0.28,24,4440,12,2220,12,2220,5.898811668,0.218479133,81289.22775,81289.22775
10.0.0.37,10.0.0.27,24,4440,12,2220,12,2220,6.152630942,2.504546884,7091.103031,7091.103031
10.0.0.37,10.0.0.42,24,4440,12,2220,12,2220,6.226901005,2.03876032,8711.176015,8711.176015
10.0.0.37,10.0.0.19,16,2960,8,1480,8,1480,6.317734248,0.14283855,82890.78824,82890.78824
10.0.0.37,10.0.0.13,24,4440,12,2220,12,2220,6.334050418,5.152766199,3446.692381,3446.692381
10.0.0.37,10.0.0.48,24,4440,12,2220,12,2220,6.815402967,6.233223986,2849.247843,2849.247843
10.0.0.37,10.0.0.10,24,4440,12,2220,12,2220,7.336214714,0.656874663,27037.12139,27037.12139
10.0.0.37,10.0.0.20,16,2960,8,1480,8,1480,7.364790654,1.413366307,8377.163048,8377.163048
10.0.0.37,10.0.0.47,24,4440,12,2220,12,2220,7.467235226,1.432558009,12397.40373,12397.40373
10.0.0.37,10.0.0.38,8,1480,4,740,4,740,7.608428732,4.867872464,1216.137038,1216.137038
10.0.0.37,10.0.0.44,24,4440,12,2220,12,2220,7.632609111,2.491646907,7127.815723,7127.815723
10.0.0.37,10.0.0.29,24,4440,12,2220,12,2220,7.632615328,0.371900417,47754.71924,47754.71924
10.0.0.37,10.0.0.40,8,1480,4,740,4,740,8.34035341,1.228568356,4818.616702,4818.616702
10.0.0.37,10.0.0.33,24,4440,12,2220,12,2220,8.340365844,4.62171057,3842.73306,3842.73306
10.0.0.37,10.0.0.16,24,4440,12,2220,12,2220,9.085491059,0.290131867,61213.54467,61213.54467
10.0.0.37,10.0.0.34,8,1480,4,740,4,740,9.425107139,0.604537245,9792.614184,9792.614184
10.0.0.37,10.0.0.26,24,4440,12,2220,12,2220,12.18474371,0.593884673,29904.79601,29904.79601
10.0.0.38,10.0.0.23,16,2960,8,1480,8,1480,5.160202582,1.365195986,8672.747445,8672.747445
10.0.0.38,10.0.0.29,24,4440,12,2220,12,2220,5.16028129,1.419424196,12512.11586,12512.11586
10.0.0.38,10.0.0.34,8,1480,4,740,4,740,5.931428177,1.005678733,5886.571731,5886.571731
10.0.0.38,10.0.0.42,24,4440,12,2220,12,2220,6.078417384,1.538362055,11544.74653,11544.74653
10.0.0.38,10.0.0.17,24,4440,12,2220,12,2220,6.109965278,1.690992182,10502.7097,10502.7097
10.0.0.38,10.0.0.39,8,1480,4,740,4,740,6.152613629,1.25587773,4713.834682,4713.834682
10.0.0.38,10.0.0.46,24,4440,12,2220,12,2220,6.298594926,1.48364384,11970.52791,11970.52791
10.0.0.38,10.0.0.41,8,1480,4,740,4,740,6.334057249,4.671833425,1267.168467,1267.168467
10.0.0.38,10.0.0.49,24,4440,12,2220,12,2220,6.578574173,3.095255815,5737.813306,5737.813306
10.0.0.38,10.0.0.31,24,4440,12,2220,12,2220,6.762099303,1.895126325,9371.406943,9371.406943
10.0.0.38,10.0.0.12,24,4440,12,2220,12,2220,6.815391217,3.615537062,4912.1333,4912.1333
10.0.0.38,10.0.0.15,24,4440,12,2220,12,2220,6.928232714,3.184702489,5576.659064,5576.659064
10.0.0.38,10.0.0.35,8,1480,4,740,4,740,7.737497954,0.006526954,907008.0776,907008.0776
10.0.0.38,10.0.0.24,16,2960,8,1480,8,1480,8.505011355,1.259384344,9401.419079,9401.419079
10.0.0.38,10.0.0.33,24,4440,12,2220,12,2220,9.693228649,3.268840643,5433.118937,5433.118937
10.0.0.38,10.0.0.28,24,4440,12,2220,12,2220,11.45970847,0.599962933,29601.82875,29601.82875
10.0.0.39,10.0.0.10,24,4440,12,2220,12,2220,5.693297035,0.211229605,84079.12328,84079.12328
10.0.0.39,10.0.0.35,8,1480,4,740,4,740,5.828648823,0.933784417,6339.793096,6339.793096
10.0.0.39,10.0.0.33,24,4440,12,2220,12,2220,5.956266355,3.644767193,4872.739207,4872.739207
10.0.0.39,10.0.0.16,24,4440,12,2220,12,2220,6.100335811,0.196281917,90482.09979,90482.09979
10.0.0.39,10.0.0.46,24,4440,12,2220,12,2220,6.298587261,3.897224123,4557.089723,4557.089723
10.0.0.39,10.0.0.17,24,4440,12,2220,12,2220,6.815406678,0.218144066,81414.08715,81414.08715
10.0.0.39,10.0.0.21,16,2960,8,1480,8,1480,6.98838608,4.313290583,2745.004022,2745.004022
10.0.0.39,10.0.0.30,24,4440,12,2220,12,2220,7.164318424,1.888394828,9404.81288,9404.81288
10.0.0.39,10.0.0.11,24,4440,12,2220,12,2220,7.288796454,5.44594176,3261.143946,3261.143946
10.0.0.39,10.0.0.24,16,2960,8,1480,8,1480,7.743796067,4.717947673,2509.565773,2509.565773
10.0.0.39,10.0.0.20,16,2960,8,1480,8,1480,8.153521154,1.61093359,7349.775356,7349.775356
10.0.0.39,10.0.0.36,8,1480,4,740,4,740,8.156568233,1.412495798,4191.162911,4191.162911
10.0.0.39,10.0.0.26,24,4440,12,2220,12,2220,8.761468722,2.452723066,7240.931618,7240.931618
10.0.0.39,10.0.0.22,16,2960,8,1480,8,1480,8.792426961,1.128357603,10493.12733,10493.12733
10.0.0.39,10.0.0.48,24,4440,12,2220,12,2220,9.039465979,2.103704941,8442.248556,8442.248556
10.0.0.39,10.0.0.37,8,1480,4,740,4,740,9.16403873,1.908434407,3102.01911,3102.01911
10.0.0.39,10.0.0.45,24,4440,12,2220,12,2220,9.564557682,0.213582901,83152.72392,83152.72392
10.0.0.39,10.0.0.28,24,4440,12,2220,12,2220,9.564573002,2.239547031,7930.175055,7930.175055
10.0.0.39,10.0.0.31,24,4440,12,2220,12,2220,9.763144609,2.957389209,6005.296816,6005.296816
10.0.0.39,10.0.0.19,16,2972,8,1480,8,1492,11.34526406,0.604790176,19577.03757,19735.77031
10.0.0.39,10.0.0.41,8,1480,4,740,4,740,12.22041053,0.255644696,23157.13994,23157.13994
10.0.0.40,10.0.0.47,24,4440,12,2220,12,2220,5.544419461,5.40799238,3284.028296,3284.028296
10.0.0.40,10.0.0.39,8,1480,4,740,4,740,5.693242272,5.009106984,1181.847387,1181.847387
10.0.0.40,10.0.0.23,16,2960,8,1480,8,1480,5.693310326,0.203921141,58061.66022,58061.66022
10.0.0.40,10.0.0.13,24,4440,12,2220,12,2220,6.152624366,2.354184857,7544.012505,7544.012505
10.0.0.40,10.0.0.16,24,4440,12,2220,12,2220,6.445105967,3.525231128,5037.967542,5037.967542
10.0.0.40,10.0.0.44,24,4440,12,2220,12,2220,6.510982666,3.666299998,4844.120778,4844.120778
10.0.0.40,10.0.0.15,24,4440,12,2220,12,2220,6.928228847,2.533929441,7008.877087,7008.877087
10.0.0.40,10.0.0.46,24,4440,12,2220,12,2220,6.969387665,1.99817834,8888.095544,8888.095544
10.0.0.40,10.0.0.36,8,1480,4,740,4,740,7.005086339,4.912912742,1204.987817,1204.987817
10.0.0.40,10.0.0.11,24,4440,12,2220,12,2220,7.092007082,3.838986308,4626.22124,4626.22124
10.0.0.40,10.0.0.34,8,1480,4,740,4,740,8.029016168,2.578970793,2295.489354,2295.489354
10.0.0.40,10.0.0.30,24,4440,12,2220,12,2220,8.585850461,4.008724458,4430.336928,4430.336928
10.0.0.40,10.0.0.35,8,1480,4,740,4,740,8.648084798,3.828096693,1546.460415,1546.460415
10.0.0.40,10.0.0.18,16,2960,8,1480,8,1480,8.656073425,3.805677174,3111.14145,3111.14145
10.0.0.40,10.0.0.19,16,2960,8,1480,8,1480,9.039450699,0.168910993,70096.08901,70096.08901
10.0.0.40,10.0.0.48,24,4440,12,2220,12,2220,9.069642198,3.394886611,5231.397108,5231.397108
10.0.0.40,10.0.0.17,24,4440,12,2220,12,2220,9.202736737,0.921683081,19269.09625,19269.09625
10.0.0.40,10.0.0.24,16,2960,8,1480,8,1480,9.564586782,1.687924033,7014.533693,7014.533693
10.0.0.40,10.0.0.42,24,4440,12,2220,12,2220,9.564589697,3.166562628,5608.60532,5608.60532
10.0.0.40,10.0.0.27,24,4440,12,2220,12,2220,9.693225342,2.90132028,6121.35107,6121.35107
10.0.0.40,10.0.0.45,24,4440,12,2220,12,2220,9.980312573,2.170078515,8184.035682,8184.035682
10.0.0.40,10.0.0.14,24,4440,12,2220,12,2220,10.56121035,0.575215307,30875.39532,30875.39532
10.0.0.40,10.0.0.38,8,1480,4,740,4,740,11.78229947,0.13572009,43619.18711,43619.18711
10.0.0.40,10.0.0.22,16,2960,8,1480,8,1480,11.98600812,0.852723602,13884.92118,13884.92118
10.0.0.41,10.0.0.28,24,4440,12,2220,12,2220,5.693303478,4.748032651,3740.496603,3740.496603
10.0.0.41,10.0.0.45,24,4440,12,2220,12,2220,5.693313062,4.493136227,3952.695646,3952.695646
10.0.0.41,10.0.0.25,16,2960,8,1480,8,1480,5.828697607,4.092093523,2893.384507,2893.384507
10.0.0.41,10.0.0.37,8,1480,4,740,4,740,6.226741683,2.129319957,2780.230364,2780.230364
10.0.0.41,10.0.0.19,16,2960,8,1480,8,1480,6.382171969,3.28455043,3604.755126,3604.755126
10.0.0.41,10.0.0.44,24,4440,12,2220,12,2220,6.695446675,3.727779696,4764.230037,4764.230037
10.0.0.41,10.0.0.30,24,4440,12,2220,12,2220,7.556754983,2.248115644,7899.949474,7899.949474
10.0.0.41,10.0.0.33,24,4440,12,2220,12,2220,7.573117568,1.165676629,15235.78629,15235.78629
10.0.0.41,10.0.0.47,24,4440,12,2220,12,2220,7.632618673,3.510538342,5059.053134,5059.053134
10.0.0.41,10.0.0.40,8,1480,4,740,4,740,8.324206569,2.748250295,2154.097831,2154.097831
10.0.0.41,10.0.0.26,24,4440,12,2220,12,2220,8.505001461,2.637218691,6734.36756,6734.36756
10.0.0.41,10.0.0.15,24,4440,12,2220,12,2220,8.905213598,0.959849387,18502.90289,18502.90289
10.0.0.41,10.0.0.27,24,4440,12,2220,12,2220,9.693221944,1.231881628,14416.96961,14416.96961
10.0.0.41,10.0.0.13,24,4440,12,2220,12,2220,10.02912967,1.827911024,9716.009022,9716.009022
10.0.0.41,10.0.0.16,24,4440,12,2220,12,2220,10.31230776,1.031522419,17217.27,17217.27
10.0.0.41,10.0.0.49,24,4440,12,2220,12,2220,11.00136561,1.149018135,15456.6751,15456.6751
10.0.0.41,10.0.0.23,16,2960,8,1480,8,1480,11.20934185,0.850414146,13922.62823,13922.62823
10.0.0.41,10.0.0.43,24,4440,12,2220,12,2220,11.64520668,0.819335625,21676.09885,21676.09885
10.0.0.42,10.0.0.24,16,2960,8,1480,8,1480,5.683896508,6.609223722,1791.435802,1791.435802
10.0.0.42,10.0.0.16,24,4440,12,2220,12,2220,5.899390148,4.179669975,4249.139312,4249.139312
10.0.0.42,10.0.0.28,24,4440,12,2220,12,2220,5.899452564,4.014459729,4424.007513,4424.007513
10.0.0.42,10.0.0.44,8,1480,4,740,4,740,5.986171196,2.173336132,2723.922873,2723.922873
10.0.0.42,10.0.0.48,8,1480,4,740,4,740,6.011730074,4.287249393,1380.838728,1380.838728
10.0.0.42,10.0.0.35,24,4440,12,2220,12,2220,6.036217113,1.993389342,8909.448659,8909.448659
10.0.0.42,10.0.0.45,8,1480,4,740,4,740,6.279993454,5.060009582,1169.958259,1169.958259
10.0.0.42,10.0.0.18,16,2960,8,1480,8,1480,6.391288515,4.688462179,2525.348301,2525.348301
10.0.0.42,10.0.0.26,24,4440,12,2220,12,2220,6.447640541,1.001015629,17741.98073,17741.98073
10.0.0.42,10.0.0.17,24,4440,12,2220,12,2220,6.447643532,2.185202455,8127.393395,8127.393395
10.0.0.42,10.0.0.39,24,4440,12,2220,12,2220,6.854009428,2.039240404,8709.125204,8709.125204
10.0.0.42,10.0.0.22,16,2960,8,1480,8,1480,7.144901075,0.19183651,61719.22123,61719.22123
10.0.0.42,10.0.0.10,24,4440,12,2220,12,2220,7.337558982,4.754209598,3735.636731,3735.636731
10.0.0.42,10.0.0.46,8,1480,4,740,4,740,8.183765912,3.125739757,1893.95166,1893.95166
10.0.0.42,10.0.0.41,24,4440,12,2220,12,2220,8.324856141,2.561900869,6932.352541,6932.352541
10.0.0.42,10.0.0.23,16,2960,8,1480,8,1480,8.515072302,2.947423831,4017.067337,4017.067337
10.0.0.42,10.0.0.36,24,4440,12,2220,12,2220,9.190693733,1.005803751,17657.52015,17657.52015
10.0.0.42,10.0.0.25,16,2960,8,1480,8,1480,9.758298714,1.321473107,8959.698035,8959.698035
10.0.0.42,10.0.0.15,24,4440,12,2220,12,2220,9.804473712,3.155195946,5628.810478,5628.810478
10.0.0.42,10.0.0.29,24,4440,12,2220,12,2220,10.04765238,2.088436752,8503.968331,8503.968331
10.0.0.42,10.0.0.11,24,4440,12,2220,12,2220,10.84505665,1.37596536,12907.30168,12907.30168
10.0.0.43,10.0.0.21,16,2960,8,1480,8,1480,5.006927662,6.7006418,1766.994917,1766.994917
10.0.0.43,10.0.0.17,24,4440,12,2220,12,2220,5.307063576,1.872004458,9487.156894,9487.156894
10.0.0.43,10.0.0.38,24,4440,12,2220,12,2220,5.683917422,0.598326761,29682.7773,29682.7773
10.0.0.43,10.0.0.11,24,4440,12,2220,12,2220,6.112336063,3.966732817,4477.236259,4477.236259
10.0.0.43,10.0.0.29,24,4440,12,2220,12,2220,6.325362686,4.11585421,4315.021644,4315.021644
10.0.0.43,10.0.0.15,24,4440,12,2220,12,2220,6.576315173,5.280703322,3363.18837,3363.18837
10.0.0.43,10.0.0.30,24,4440,12,2220,12,2220,6.576420152,0.137600483,129069.3144,129069.3144
10.0.0.43,10.0.0.31,24,4440,12,2220,12,2220,6.930653014,1.032726311,17197.19911,17197.19911
10.0.0.43,10.0.0.18,16,2960,8,1480,8,1480,6.97178961,0.527207236,22457.96186,22457.96186
10.0.0.43,10.0.0.33,24,4440,12,2220,12,2220,7.180765707,5.657663362,3139.105115,3139.105115
10.0.0.43,10.0.0.37,24,4440,12,2220,12,2220,7.337640398,0.772183978,22999.70021,22999.70021
10.0.0.43,10.0.0.13,24,4440,12,2220,12,2220,7.33765734,0.398315372,44587.78458,44587.78458
10.0.0.43,10.0.0.39,24,4440,12,2220,12,2220,7.652573547,3.876355391,4581.623254,4581.623254
10.0.0.43,10.0.0.26,24,4440,12,2220,12,2220,7.781666206,0.855837069,20751.61341,20751.61341
10.0.0.43,10.0.0.12,24,4440,12,2220,12,2220,7.876245464,0.96150297,18471.08179,18471.08179
10.0.0.43,10.0.0.28,24,4440,12,2220,12,2220,8.324865248,3.667976005,4841.907356,4841.907356
10.0.0.43,10.0.0.25,16,2960,8,1480,8,1480,8.375238756,3.812020619,3105.964312,3105.964312
10.0.0.43,10.0.0.47,8,1480,4,740,4,740,8.515036651,0.263234502,22489.45315,22489.45315
10.0.0.43,10.0.0.40,24,4440,12,2220,12,2220,8.631097174,4.32942453,4102.161818,4102.161818
10.0.0.43,10.0.0.27,24,4440,12,2220,12,2220,8.759438276,1.148115608,15468.82551,15468.82551
10.0.0.43,10.0.0.42,8,1480,4,740,4,740,8.908831913,1.120942589,5281.269583,5281.269583
10.0.0.43,10.0.0.48,8,1480,4,740,4,740,9.756013588,1.738282563,3405.660349,3405.660349
10.0.0.43,10.0.0.32,24,4440,12,2220,12,2220,10.97883527,1.157283179,15346.28717,15346.28717
10.0.0.43,10.0.0.10,24,4440,12,2220,12,2220,11.49345566,0.727540379,24411.01623,24411.01623
10.0.0.44,10.0.0.19,16,2960,8,1480,8,1480,5.006924349,7.178657904,1649.333365,1649.333365
10.0.0.44,10.0.0.25,16,2960,8,1480,8,1480,5.091504183,4.713429807,2511.971215,2511.971215
10.0.0.44,10.0.0.27,24,4440,12,2220,12,2220,5.636397574,2.144515591,8281.590525,8281.590525
10.0.0.44,10.0.0.33,24,4440,12,2220,12,2220,5.636426264,4.915383924,3613.146048,3613.146048
10.0.0.44,10.0.0.39,24,4440,12,2220,12,2220,5.985908945,6.879516748,2581.576679,2581.576679
10.0.0.44,10.0.0.23,16,2960,8,1480,8,1480,6.105001091,0.220622621,53666.30106,53666.30106
10.0.0.44,10.0.0.21,16,2960,8,1480,8,1480,6.105061816,5.231850109,2263.061776,2263.061776
10.0.0.44,10.0.0.49,8,1480,4,740,4,740,6.660434734,0.816343641,7251.848,7251.848
10.0.0.44,10.0.0.13,24,4440,12,2220,12,2220,6.988617782,2.775470186,6398.915791,6398.915791
10.0.0.44,10.0.0.18,16,2960,8,1480,8,1480,7.288458593,4.661522808,2539.942523,2539.942523
10.0.0.44,10.0.0.38,24,4440,12,2220,12,2220,7.337830835,5.008868988,3545.710627,3545.710627
10.0.0.44,10.0.0.47,8,1480,4,740,4,740,7.358514147,4.856858414,1218.89491,1218.89491
10.0.0.44,10.0.0.46,8,1480,4,740,4,740,7.616485507,1.424748233,4155.120086,4155.120086
10.0.0.44,10.0.0.20,16,2960,8,1480,8,1480,7.876241937,0.449358322,26348.68304,26348.68304
10.0.0.44,10.0.0.35,24,4440,12,2220,12,2220,8.159388743,2.779158567,6390.423422,6390.423422
10.0.0.44,10.0.0.17,24,4440,12,2220,12,2220,8.211493777,1.695153903,10476.92482,10476.92482
10.0.0.44,10.0.0.24,16,2960,8,1480,8,1480,8.690786819,1.481810568,7990.225104,7990.225104
10.0.0.44,10.0.0.43,8,1480,4,740,4,740,9.040893741,0.418870008,14133.26303,14133.26303
10.0.0.44,10.0.0.12,24,4440,12,2220,12,2220,10.48890487,2.54888324,6967.757378,6967.757378
10.0.0.44,10.0.0.34,24,4440,12,2220,12,2220,10.67750964,1.635852752,10856.72288,10856.72288
10.0.0.44,10.0.0.14,24,4440,12,2220,12,2220,11.65038351,1.205658536,14730.53893,14730.53893
10.0.0.45,10.0.0.43,8,1480,4,740,4,740,5.016291881,3.579975165,1653.642756,1653.642756
10.0.0.45,10.0.0.29,24,4440,12,2220,12,2220,5.899449497,3.007789022,5904.669467,5904.669467
10.0.0.45,10.0.0.11,24,4440,12,2220,12,2220,6.112328748,2.878349663,6170.2024,6170.2024
10.0.0.45,10.0.0.19,16,2960,8,1480,8,1480,6.391291526,5.686556404,2082.103677,2082.103677
10.0.0.45,10.0.0.48,8,1480,4,740,4,740,6.853991767,3.704106465,1598.2262,1598.2262
10.0.0.45,10.0.0.23,16,2960,8,1480,8,1480,6.971756114,0.193913158,61058.2599,61058.2599
10.0.0.45,10.0.0.28,24,4440,12,2220,12,2220,7.180769653,2.433826803,7297.150306,7297.150306
10.0.0.45,10.0.0.15,24,4440,12,2220,12,2220,7.20792239,2.871153267,6185.667691,6185.667691
10.0.0.45,10.0.0.49,8,1480,4,740,4,740,7.581429128,4.609083691,1284.420157,1284.420157
10.0.0.45,10.0.0.33,24,4440,12,2220,12,2220,7.616479395,2.824232539,6288.434028,6288.434028
10.0.0.45,10.0.0.34,24,4440,12,2220,12,2220,8.515049179,0.378033605,46979.95037,46979.95037
10.0.0.45,10.0.0.18,16,2960,8,1480,8,1480,8.58846879,1.019635573,11611.99189,11611.99189
10.0.0.45,10.0.0.20,16,2960,8,1480,8,1480,9.581741673,3.012813712,3929.881211,3929.881211
10.0.0.45,10.0.0.44,8,1480,4,740,4,740,9.908151524,0.140900164,42015.56501,42015.56501
10.0.0.45,10.0.0.38,24,4440,12,2220,12,2220,10.97882783,0.39361913,45119.75828,45119.75828
10.0.0.46,10.0.0.35,24,4440,12,2220,12,2220,5.13944337,1.243509696,14282.15643,14282.15643
10.0.0.46,10.0.0.41,24,4440,12,2220,12,2220,5.1394471,4.939524113,3595.488066,3595.488066
10.0.0.46,10.0.0.12,24,4440,12,2220,12,2220,5.683891082,4.512678308,3935.578561,3935.578561
10.0.0.46,10.0.0.32,24,4440,12,2220,12,2220,5.683907467,1.13867858,15597.02651,15597.02651
10.0.0.46,10.0.0.15,24,4440,12,2220,12,2220,5.683913542,5.961904307,2978.913965,2978.913965
10.0.0.46,10.0.0.11,24,4440,12,2220,12,2220,5.72387088,6.407060165,2771.94213,2771.94213
10.0.0.46,10.0.0.25,16,2960,8,1480,8,1480,6.105054804,2.973524076,3981.807343,3981.807343
10.0.0.46,10.0.0.22,16,2960,8,1480,8,1480,6.325396103,4.754361936,2490.34469,2490.34469
10.0.0.46,10.0.0.13,24,4440,12,2220,12,2220,6.455219287,0.481508578,36884.07811,36884.07811
10.0.0.46,10.0.0.33,24,4440,12,2220,12,2220,6.715402038,5.631211827,3153.850458,3153.850458
10.0.0.46,10.0.0.29,24,4440,12,2220,12,2220,7.144881136,4.991217636,3558.249969,3558.249969
10.0.0.46,10.0.0.16,24,4440,12,2220,12,2220,7.337630379,1.569867669,11313.05546,11313.05546
10.0.0.46,10.0.0.37,24,4440,12,2220,12,2220,7.337636941,5.500550969,3228.767463,3228.767463
10.0.0.46,10.0.0.45,8,1480,4,740,4,740,7.896036185,3.814203543,1552.093362,1552.093362
10.0.0.46,10.0.0.28,24,4440,12,2220,12,2220,8.908811151,2.948059336,6024.302083,6024.302083
10.0.0.46,10.0.0.43,8,1480,4,740,4,740,9.001953992,2.307503466,2565.543275,2565.543275
10.0.0.46,10.0.0.26,24,4440,12,2220,12,2220,9.080574563,0.534039536,33255.96478,33255.96478
10.0.0.46,10.0.0.18,16,2960,8,1480,8,1480,10.97885584,1.314223755,9009.120369,9009.120369
10.0.0.46,10.0.0.36,24,4440,12,2220,12,2220,12.46441621,0.632717437,28069.40186,28069.40186
10.0.0.47,10.0.0.23,16,2960,8,1480,8,1480,5.096813059,7.046324091,1680.308746,1680.308746
10.0.0.47,10.0.0.38,24,4440,12,2220,12,2220,5.261762436,7.051396822,2518.649914,2518.649914
10.0.0.47,10.0.0.15,24,4440,12,2220,12,2220,5.57612963,5.126453407,3464.383384,3464.383384
10.0.0.47,10.0.0.42,8,1480,4,740,4,740,5.636411295,5.188679718,1140.945351,1140.945351
10.0.0.47,10.0.0.18,16,2960,8,1480,8,1480,6.211908367,5.250555714,2254.999403,2254.999403
10.0.0.47,10.0.0.49,8,1480,4,740,4,740,6.279990265,1.548548873,3822.933911,3822.933911
10.0.0.47,10.0.0.34,24,4440,12,2220,12,2220,6.31318687,1.583076163,11218.66428,11218.66428
10.0.0.47,10.0.0.46,8,1480,4,740,4,740,6.576441506,1.45329757,4073.494735,4073.494735
10.0.0.47,10.0.0.22,16,2960,8,1480,8,1480,6.66044087,6.177939584,1916.496566,1916.496566
10.0.0.47,10.0.0.39,24,4440,12,2220,12,2220,6.971809691,1.935569494,9175.594085,9175.594085
10.0.0.47,10.0.0.17,24,4440,12,2220,12,2220,7.743523015,1.164013644,15257.55312,15257.55312
10.0.0.47,10.0.0.20,16,2960,8,1480,8,1480,8.426743455,1.32622838,8927.572489,8927.572489
10.0.0.47,10.0.0.26,24,4440,12,2220,12,2220,8.759441757,4.284851588,4144.834339,4144.834339
10.0.0.47,10.0.0.14,24,4440,12,2220,12,2220,9.444808265,0.868825512,20441.3887,20441.3887
10.0.0.47,10.0.0.10,24,4440,12,2220,12,2220,9.58171797,2.764858553,6423.475075,6423.475075
10.0.0.47,10.0.0.28,24,4440,12,2220,12,2220,9.581731439,2.75284801,6451.500386,6451.500386
10.0.0.47,10.0.0.45,8,1480,4,740,4,740,10.04765551,1.292354888,4580.785088,4580.785088
10.0.0.47,10.0.0.13,24,4440,12,2220,12,2220,10.1235944,2.201728857,8066.388349,8066.388349
10.0.0.47,10.0.0.35,24,4440,12,2220,12,2220,10.48889923,1.077381551,16484.41073,16484.41073
10.0.0.47,10.0.0.11,24,4440,12,2220,12,2220,11.82002466,0.526498266,33732.30483,33732.30483
10.0.0.47,10.0.0.30,24,4440,12,2220,12,2220,12.46440948,0.645149916,27528.48533,27528.48533
10.0.0.48,10.0.0.47,8,1480,4,740,4,740,5.016298461,1.91459468,3092.038258,3092.038258
10.0.0.48,10.0.0.13,24,4440,12,2220,12,2220,5.296322686,3.694362998,4807.324026,4807.324026
10.0.0.48,10.0.0.31,24,4440,12,2220,12,2220,5.333451097,1.002628573,17713.43893,17713.43893
10.0.0.48,10.0.0.44,8,1480,4,740,4,740,5.455193854,2.503420726,2364.764316,2364.764316
10.0.0.48,10.0.0.14,24,4440,12,2220,12,2220,5.556480852,3.351043546,5299.841603,5299.841603
10.0.0.48,10.0.0.27,24,4440,12,2220,12,2220,5.556492846,0.997486994,17804.74343,17804.74343
10.0.0.48,10.0.0.28,24,4440,12,2220,12,2220,5.691538924,5.644891905,3146.207279,3146.207279
10.0.0.48,10.0.0.41,24,4440,12,2220,12,2220,5.723873988,2.809095995,6322.31865,6322.31865
10.0.0.48,10.0.0.30,24,4440,12,2220,12,2220,6.504214265,5.299923767,3350.991595,3350.991595
10.0.0.48,10.0.0.18,16,2960,8,1480,8,1480,6.813201223,0.116007463,102062.3992,102062.3992
10.0.0.48,10.0.0.46,8,1480,4,740,4,740,6.813205343,0.663589171,8921.18235,8921.18235
10.0.0.48,10.0.0.17,24,4440,12,2220,12,2220,7.207941399,0.528158473,33626.27111,33626.27111
10.0.0.48,10.0.0.33,24,4440,12,2220,12,2220,7.616472761,1.587705518,11185.95344,11185.95344
10.0.0.48,10.0.0.38,24,4440,12,2220,12,2220,7.743519782,1.330355534,13349.8148,13349.8148
10.0.0.48,10.0.0.24,16,2960,8,1480,8,1480,9.458257809,0.714350337,16574.50048,16574.50048
10.0.0.48,10.0.0.10,24,4440,12,2220,12,2220,10.82890503,2.027129912,8761.155314,8761.155314
10.0.0.49,10.0.0.43,8,1480,4,740,4,740,5.160452524,1.98789634,2978.022486,2978.022486
10.0.0.49,10.0.0.24,16,2960,8,1480,8,1480,5.474473776,2.555181909,4633.720972,4633.720972
10.0.0.49,10.0.0.46,8,1480,4,740,4,740,5.63642022,1.437158265,4119.240131,4119.240131
10.0.0.49,10.0.0.33,24,4440,12,2220,12,2220,5.636423216,3.567769089,4977.900631,4977.900631
10.0.0.49,10.0.0.25,16,2960,8,1480,8,1480,5.68381197,2.823470849,4193.420309,4193.420309
10.0.0.49,10.0.0.15,24,4440,12,2220,12,2220,5.683910615,2.948916938,6022.5501,6022.5501
10.0.0.49,10.0.0.26,24,4440,12,2220,12,2220,5.723866859,0.871468675,20379.39,20379.39
10.0.0.49,10.0.0.32,24,4440,12,2220,12,2220,6.011733893,2.625788602,6763.682342,6763.682342
10.0.0.49,10.0.0.40,24,4440,12,2220,12,2220,6.11228306,1.897768244,9358.36083,9358.36083
10.0.0.49,10.0.0.27,24,4440,12,2220,12,2220,6.211896467,2.784606659,6377.920538,6377.920538
10.0.0.49,10.0.0.16,24,4440,12,2220,12,2220,6.229595084,6.116952717,2903.406454,2903.406454
10.0.0.49,10.0.0.34,24,4440,12,2220,12,2220,6.576406953,4.760004696,3731.088756,3731.088756
10.0.0.49,10.0.0.48,8,1480,4,740,4,740,6.576446468,5.074297397,1166.663981,1166.663981
10.0.0.49,10.0.0.42,8,1480,4,740,4,740,6.930649382,1.231240907,4808.157337,4808.157337
10.0.0.49,10.0.0.37,24,4440,12,2220,12,2220,7.164596838,4.401790076,4034.722168,4034.722168
10.0.0.49,10.0.0.20,16,2960,8,1480,8,1480,8.013349694,4.825057747,2453.856642,2453.856642
10.0.0.49,10.0.0.30,24,4440,12,2220,12,2220,8.908834913,0.705745027,25164.89571,25164.89571
10.0.0.49,10.0.0.10,24,4440,12,2220,12,2220,9.080563677,0.507267507,35011.11298,35011.11298
10.0.0.49,10.0.0.11,24,4440,12,2220,12,2220,9.190451778,3.120886995,5690.689867,5690.689867
10.0.0.49,10.0.0.39,24,4440,12,2220,12,2220,9.611883119,0.467109843,38021.03566,38021.03566
10.0.0.49,10.0.0.28,24,4440,12,2220,12,2220,10.17698346,1.363721082,13023.19091,13023.19091
10.0.0.49,10.0.0.12,24,4440,12,2220,12,2220,10.55791699,0.999376693,17771.07684,17771.07684
127.0.0.1,127.0.0.1,61247,8649795,61247,8649795,0,0,0,64.98540704,1064829.216,0
