Address A,Address B,Packets,Bytes,Packets A → B,Bytes A → B,Packets B → A,Bytes B → A,Rel Start,Duration,Bits/s A → B,Bits/s B → A,Label
10.0.0.10,10.0.0.11,8,1480,4,740,4,740,6.994381313,0.316732958,18690.82409,18690.82409,Low
10.0.0.10,10.0.0.13,8,1480,4,740,4,740,7.075665695,0.800523743,7395.158547,7395.158547,Low
10.0.0.10,10.0.0.12,8,1480,4,740,4,740,7.075675529,0.598451945,9892.189422,9892.189422,Low
10.0.0.10,10.0.0.14,8,1480,4,740,4,740,7.075678652,1.208446642,4898.850966,4898.850966,Low
10.0.0.10,10.0.0.15,8,1480,4,740,4,740,7.169651395,1.416730971,4178.633856,4178.633856,Low
10.0.0.10,10.0.0.16,8,1480,4,740,4,740,7.169657606,1.757703583,3368.030911,3368.030911,Low
10.0.0.10,10.0.0.17,8,1480,4,740,4,740,7.169661833,1.933347364,3062.046744,3062.046744,Low
10.0.0.10,10.0.0.18,16,2960,8,1480,8,1480,7.169667439,2.524152231,4690.683808,4690.683808,Low
10.0.0.10,10.0.0.19,16,2960,8,1480,8,1480,7.169672753,2.649330854,4469.053,4469.053,Low
10.0.0.10,10.0.0.20,16,2960,8,1480,8,1480,7.21395134,2.966883018,3990.720203,3990.720203,Low
10.0.0.10,10.0.0.21,16,2960,8,1480,8,1480,7.213955915,3.291445602,3597.20361,3597.20361,Low
10.0.0.10,10.0.0.22,16,2960,8,1480,8,1480,7.256853927,3.610199116,3279.597501,3279.597501,Low
10.0.0.10,10.0.0.24,16,2960,8,1480,8,1480,7.259989693,4.339406996,2728.483411,2728.483411,Low
10.0.0.10,10.0.0.23,16,2960,8,1480,8,1480,7.260084966,3.963722156,2987.091308,2987.091308,Low
10.0.0.10,10.0.0.25,16,2960,8,1480,8,1480,7.260091096,4.644806145,2549.083779,2549.083779,Low
10.0.0.10,10.0.0.26,24,4440,12,2220,12,2220,7.308108699,5.1969472,3417.390887,3417.390887,Low
10.0.0.10,10.0.0.28,24,5192,12,2220,12,2972,7.308112755,6.092334565,2915.138657,3902.609049,Low
10.0.0.10,10.0.0.27,24,5192,12,2220,12,2972,7.308116473,5.585224391,3179.818528,4256.946245,Low
10.0.0.10,10.0.0.30,24,5192,12,2220,12,2972,7.308123003,6.539544518,2715.785473,3635.727218,Low
10.0.0.10,10.0.0.29,24,5192,12,2220,12,2972,7.308126034,6.283403813,2826.493494,3783.936336,Low
10.0.0.10,10.0.0.36,24,4440,12,2220,12,2220,7.359046136,8.614661435,2061.601623,2061.601623,Low
10.0.0.10,10.0.0.31,24,4440,12,2220,12,2220,7.35904901,6.637526289,2675.695617,2675.695617,Low
10.0.0.10,10.0.0.32,24,4440,12,2220,12,2220,7.359051955,7.128170161,2491.523013,2491.523013,Low
10.0.0.10,10.0.0.35,24,4440,12,2220,12,2220,7.385146544,8.031284328,2211.352416,2211.352416,Low
10.0.0.10,10.0.0.40,24,4440,12,2220,12,2220,7.385150415,9.560393709,1857.664082,1857.664082,Low
10.0.0.10,10.0.0.39,24,4440,12,2220,12,2220,7.385155539,9.13738187,1943.663979,1943.663979,Low
10.0.0.10,10.0.0.37,24,4440,12,2220,12,2220,7.385159064,8.707974623,2039.509848,2039.509848,Low
10.0.0.10,10.0.0.33,24,4440,12,2220,12,2220,7.385161983,7.486568543,2372.248367,2372.248367,Low
10.0.0.10,10.0.0.43,24,4440,12,2220,12,2220,7.399266405,10.00521342,1775.074579,1775.074579,Low
10.0.0.10,10.0.0.34,24,4440,12,2220,12,2220,7.441782924,7.638289283,2325.127963,2325.127963,Low
10.0.0.10,10.0.0.41,24,4440,12,2220,12,2220,7.441786079,9.569365446,1855.922433,1855.922433,Low
10.0.0.10,10.0.0.45,24,4440,12,2220,12,2220,7.441789753,10.5268923,1687.1076,1687.1076,Low
10.0.0.10,10.0.0.47,24,4440,12,2220,12,2220,7.441793149,11.14637634,1593.342935,1593.342935,Low
10.0.0.10,10.0.0.42,24,4440,12,2220,12,2220,7.441796466,9.81474258,1809.522752,1809.522752,Low
10.0.0.10,10.0.0.44,24,4440,12,2220,12,2220,7.441799559,10.47416941,1695.599843,1695.599843,Low
10.0.0.10,10.0.0.48,24,4440,12,2220,12,2220,7.441802402,11.50083489,1544.235716,1544.235716,Low
10.0.0.10,10.0.0.49,24,4440,12,2220,12,2220,7.441806516,12.03853772,1475.26223,1475.26223,Low
10.0.0.10,10.0.0.46,24,4440,12,2220,12,2220,7.441809578,10.90748461,1628.239749,1628.239749,Low
10.0.0.10,10.0.0.38,24,4440,12,2220,12,2220,7.71354976,8.49730309,2090.074911,2090.074911,Low
10.0.0.11,10.0.0.13,8,1480,4,740,4,740,7.354639975,0.527040051,11232.54293,11232.54293,Low
10.0.0.11,10.0.0.12,8,1480,4,740,4,740,7.354709191,0.319407627,18534.31008,18534.31008,Low
10.0.0.11,10.0.0.14,8,1480,4,740,4,740,7.371993771,0.912098493,6490.527115,6490.527115,Low
10.0.0.11,10.0.0.15,8,1480,4,740,4,740,7.385135962,1.270815562,4658.425799,4658.425799,Low
10.0.0.11,10.0.0.16,8,1480,4,740,4,740,7.385143215,1.542238911,3838.575177,3838.575177,Low
10.0.0.11,10.0.0.18,16,2960,8,1480,8,1480,7.399247464,2.295190822,5158.612472,5158.612472,Low
10.0.0.11,10.0.0.17,8,1480,4,740,4,740,7.441778224,1.724411092,3433.056089,3433.056089,Low
10.0.0.11,10.0.0.19,16,2960,8,1480,8,1480,7.535522299,2.307936842,5130.123054,5130.123054,Low
10.0.0.11,10.0.0.20,16,2960,8,1480,8,1480,7.53552564,2.645316108,4475.835596,4475.835596,Low
10.0.0.11,10.0.0.21,16,2960,8,1480,8,1480,7.535528513,2.969844336,3986.74094,3986.74094,Low
10.0.0.11,10.0.0.24,16,2960,8,1480,8,1480,7.623577718,3.975919795,2977.927275,2977.927275,Low
10.0.0.11,10.0.0.23,16,2960,8,1480,8,1480,7.623581616,3.603501534,3285.693065,3285.693065,Low
10.0.0.11,10.0.0.22,16,2960,8,1480,8,1480,7.623584688,3.243499486,3650.378257,3650.378257,Low
10.0.0.11,10.0.0.25,16,2960,8,1480,8,1480,7.623587509,4.281329887,2765.495842,2765.495842,Low
10.0.0.11,10.0.0.26,24,4440,12,2220,12,2220,7.673897925,4.831181459,3676.119424,3676.119424,Low
10.0.0.11,10.0.0.28,24,4440,12,2220,12,2220,7.717948635,5.682861923,3125.185908,3125.185908,Low
10.0.0.11,10.0.0.27,24,4440,12,2220,12,2220,7.717953349,5.231443183,3394.856711,3394.856711,Low
10.0.0.11,10.0.0.30,24,4440,12,2220,12,2220,7.717956663,6.129736539,2897.351279,2897.351279,Low
10.0.0.11,10.0.0.29,24,4440,12,2220,12,2220,7.717960248,5.954510962,2982.612697,2982.612697,Low
10.0.0.11,10.0.0.31,24,4440,12,2220,12,2220,7.717964173,6.278623818,2828.645339,2828.645339,Low
10.0.0.11,10.0.0.33,24,4440,12,2220,12,2220,7.717966919,7.153770351,2482.606951,2482.606951,Low
10.0.0.11,10.0.0.32,24,4440,12,2220,12,2220,7.717978724,6.769252959,2623.627763,2623.627763,Low
10.0.0.11,10.0.0.34,24,4440,12,2220,12,2220,7.735366206,7.399589247,2400.133225,2400.133225,Low
10.0.0.11,10.0.0.35,24,4440,12,2220,12,2220,7.735369031,7.681081841,2312.174296,2312.174296,Low
10.0.0.11,10.0.0.36,24,4440,12,2220,12,2220,7.735371709,8.238345859,2155.772567,2155.772567,Low
10.0.0.11,10.0.0.37,24,4440,12,2220,12,2220,7.735374982,8.357768751,2124.969059,2124.969059,Low
10.0.0.11,10.0.0.39,24,4440,12,2220,12,2220,7.735377962,9.015178705,1970.010865,1970.010865,Low
10.0.0.11,10.0.0.40,24,4440,12,2220,12,2220,7.735381176,9.21016984,1928.303203,1928.303203,Low
10.0.0.11,10.0.0.38,24,4440,12,2220,12,2220,7.735383861,8.475502527,2095.450971,2095.450971,Low
10.0.0.11,10.0.0.41,24,4440,12,2220,12,2220,7.735386793,9.275787757,1914.662179,1914.662179,Low
10.0.0.11,10.0.0.42,24,4440,12,2220,12,2220,7.772236637,9.484272102,1872.573858,1872.573858,Low
10.0.0.11,10.0.0.43,24,4440,12,2220,12,2220,7.772240991,9.713588065,1828.366602,1828.366602,Low
10.0.0.11,10.0.0.44,24,4440,12,2220,12,2220,7.772245077,10.14375043,1750.831719,1750.831719,Low
10.0.0.11,10.0.0.45,24,4440,12,2220,12,2220,7.772249217,10.19644145,1741.78414,1741.78414,Low
10.0.0.11,10.0.0.46,24,4440,12,2220,12,2220,7.772254021,10.57705801,1679.105852,1679.105852,Low
10.0.0.11,10.0.0.48,24,4440,12,2220,12,2220,7.772257896,11.17038751,1589.917985,1589.917985,Low
10.0.0.11,10.0.0.47,24,4440,12,2220,12,2220,7.772261946,10.81591433,1642.02484,1642.02484,Low
10.0.0.11,10.0.0.49,24,4440,12,2220,12,2220,7.77226666,11.70806525,1516.903059,1516.903059,Low
10.0.0.12,10.0.0.13,8,1480,4,740,4,740,7.71796959,0.163729845,36157.12212,36157.12212,Low
10.0.0.12,10.0.0.14,8,1480,4,740,4,740,7.717972667,0.566138296,10456.80895,10456.80895,Low
10.0.0.12,10.0.0.15,8,1480,4,740,4,740,7.717975934,0.998159045,5930.918554,5930.918554,Low
10.0.0.12,10.0.0.16,8,1480,4,740,4,740,7.735359333,1.192107407,4965.995484,4965.995484,Low
10.0.0.12,10.0.0.17,8,1480,4,740,4,740,7.735363046,1.399862659,4228.986295,4228.986295,Low
10.0.0.12,10.0.0.19,16,2960,8,1480,8,1480,7.772222452,2.0468194,5784.58461,5784.58461,Low
10.0.0.12,10.0.0.18,16,2960,8,1480,8,1480,7.772227041,2.019520663,5862.77735,5862.77735,Low
10.0.0.12,10.0.0.20,16,2960,8,1480,8,1480,7.77223143,2.408619238,4915.679412,4915.679412,Low
10.0.0.12,10.0.0.21,16,2960,8,1480,8,1480,7.783197346,2.728200249,4339.857386,4339.857386,Low
10.0.0.12,10.0.0.25,16,2960,8,1480,8,1480,7.837623849,4.06731265,2911.013,2911.013,Low
10.0.0.12,10.0.0.22,16,2960,8,1480,8,1480,7.837647261,3.029454746,3908.294064,3908.294064,Low
10.0.0.12,10.0.0.24,16,2960,8,1480,8,1480,7.837651031,3.761853172,3147.384935,3147.384935,Low
10.0.0.12,10.0.0.23,16,2960,8,1480,8,1480,7.837654023,3.38944391,3493.198387,3493.198387,Low
10.0.0.12,10.0.0.26,24,4440,12,2220,12,2220,7.906118012,4.598950565,3861.750577,3861.750577,Low
10.0.0.12,10.0.0.28,24,4440,12,2220,12,2220,7.906121118,5.494356434,3232.407692,3232.407692,Low
10.0.0.12,10.0.0.27,24,4440,12,2220,12,2220,7.90612625,5.043284107,3521.514875,3521.514875,Low
10.0.0.12,10.0.0.29,24,4440,12,2220,12,2220,7.906130282,5.856437641,3032.560251,3032.560251,Low
10.0.0.12,10.0.0.30,24,4440,12,2220,12,2220,7.906133295,5.941572753,2989.107554,2989.107554,Low
10.0.0.12,10.0.0.42,24,4440,12,2220,12,2220,7.925801371,9.334005992,1902.720013,1902.720013,Low
10.0.0.12,10.0.0.45,24,4440,12,2220,12,2220,7.925804636,10.04289938,1768.413616,1768.413616,Low
10.0.0.12,10.0.0.34,24,4440,12,2220,12,2220,7.925807414,7.209169464,2463.529272,2463.529272,Low
10.0.0.12,10.0.0.37,24,4440,12,2220,12,2220,7.925810333,8.167346904,2174.512753,2174.512753,Low
10.0.0.12,10.0.0.36,24,4440,12,2220,12,2220,7.925813764,8.047917201,2206.782147,2206.782147,Low
10.0.0.12,10.0.0.38,24,4440,12,2220,12,2220,7.925821382,8.285040347,2143.622633,2143.622633,Low
10.0.0.12,10.0.0.39,24,4440,12,2220,12,2220,7.925824047,8.59687236,2065.867592,2065.867592,Low
10.0.0.12,10.0.0.40,24,4440,12,2220,12,2220,7.925827018,9.019732654,1969.016232,1969.016232,Low
10.0.0.12,10.0.0.35,24,4440,12,2220,12,2220,7.925830058,7.490279082,2371.073201,2371.073201,Low
10.0.0.12,10.0.0.31,24,4440,12,2220,12,2220,7.925833062,6.070767193,2925.495153,2925.495153,Low
10.0.0.12,10.0.0.32,24,4440,12,2220,12,2220,7.925835812,6.56140273,2706.738289,2706.738289,Low
10.0.0.12,10.0.0.33,24,4440,12,2220,12,2220,7.925838877,6.978174786,2545.078125,2545.078125,Low
10.0.0.12,10.0.0.44,24,4440,12,2220,12,2220,7.970704623,9.945345111,1785.760052,1785.760052,Low
10.0.0.12,10.0.0.47,24,4440,12,2220,12,2220,7.970707597,10.69897913,1659.971459,1659.971459,Low
10.0.0.12,10.0.0.43,24,4440,12,2220,12,2220,7.970710914,9.515056764,1866.515402,1866.515402,Low
10.0.0.12,10.0.0.46,24,4440,12,2220,12,2220,7.970718867,10.37859975,1711.2135,1711.2135,Low
10.0.0.12,10.0.0.49,24,4440,12,2220,12,2220,7.970722198,11.50963093,1543.05556,1543.05556,Low
10.0.0.12,10.0.0.48,24,4440,12,2220,12,2220,7.970725315,10.97192746,1618.676397,1618.676397,Low
10.0.0.12,10.0.0.41,24,4440,12,2220,12,2220,7.970728386,9.04043388,1964.507482,1964.507482,Low
10.0.0.13,10.0.0.14,8,1480,4,740,4,740,7.902895641,0.483535981,12243.14267,12243.14267,Low
10.0.0.13,10.0.0.15,8,1480,4,740,4,740,7.906110112,0.810039744,7308.283382,7308.283382,Low
10.0.0.13,10.0.0.16,8,1480,4,740,4,740,7.963681657,1.002435321,5905.617925,5905.617925,Low
10.0.0.13,10.0.0.17,8,1480,4,740,4,740,7.963684931,1.202535244,4922.932637,4922.932637,Low
10.0.0.13,10.0.0.18,16,2960,8,1480,8,1480,7.98336124,1.80841987,6547.152128,6547.152128,Low
10.0.0.13,10.0.0.19,16,2960,8,1480,8,1480,7.986696058,1.832326679,6461.729852,6461.729852,Low
10.0.0.13,10.0.0.20,16,2960,8,1480,8,1480,8.013595366,2.253670574,5253.651592,5253.651592,Low
10.0.0.13,10.0.0.21,16,2960,8,1480,8,1480,8.013601556,2.498907024,4738.071439,4738.071439,Low
10.0.0.13,10.0.0.22,16,2960,8,1480,8,1480,8.013605086,2.853514768,4149.268871,4149.268871,Low
10.0.0.13,10.0.0.23,16,2960,8,1480,8,1480,8.013609136,3.213481819,3684.477046,3684.477046,Low
10.0.0.13,10.0.0.24,16,2960,8,1480,8,1480,8.022966521,3.576546257,3310.456275,3310.456275,Low
10.0.0.13,10.0.0.25,16,2960,8,1480,8,1480,8.022972182,4.011505483,2951.510362,2951.510362,Low
10.0.0.13,10.0.0.29,24,4440,12,2220,12,2220,8.173201081,5.589301548,3177.498986,3177.498986,Low
10.0.0.13,10.0.0.28,24,4440,12,2220,12,2220,8.173205263,5.227261102,3397.572773,3397.572773,Low
10.0.0.13,10.0.0.30,24,4440,12,2220,12,2220,8.173208078,5.674472874,3129.806133,3129.806133,Low
10.0.0.13,10.0.0.26,24,4440,12,2220,12,2220,8.17321111,4.331878367,4099.838106,4099.838106,Low
10.0.0.13,10.0.0.27,24,4440,12,2220,12,2220,8.173214528,4.776206188,3718.432434,3718.432434,Low
10.0.0.13,10.0.0.31,24,4440,12,2220,12,2220,8.174976091,5.821641419,3050.686004,3050.686004,Low
10.0.0.13,10.0.0.32,24,4440,12,2220,12,2220,8.176370073,6.31087894,2814.188034,2814.188034,Low
10.0.0.13,10.0.0.34,24,4440,12,2220,12,2220,8.178076725,6.956922802,2552.852821,2552.852821,Low
10.0.0.13,10.0.0.35,24,4440,12,2220,12,2220,8.178140494,7.238005678,2453.714571,2453.714571,Low
10.0.0.13,10.0.0.36,24,4440,12,2220,12,2220,8.17814626,7.795595134,2278.209642,2278.209642,Low
10.0.0.13,10.0.0.37,24,4440,12,2220,12,2220,8.178149579,7.915001133,2243.840487,2243.840487,Low
10.0.0.13,10.0.0.38,24,4440,12,2220,12,2220,8.178154317,8.03272537,2210.955707,2210.955707,Low
10.0.0.13,10.0.0.39,24,4440,12,2220,12,2220,8.17816304,8.572408449,2071.763158,2071.763158,Low
10.0.0.13,10.0.0.40,24,4440,12,2220,12,2220,8.178166235,8.767406357,2025.684596,2025.684596,Low
10.0.0.13,10.0.0.33,24,4440,12,2220,12,2220,8.178169467,6.725819023,2640.570604,2640.570604,Low
10.0.0.13,10.0.0.41,24,4440,12,2220,12,2220,8.248743727,8.762453324,2026.829627,2026.829627,Low
10.0.0.13,10.0.0.43,24,4440,12,2220,12,2220,8.31518821,9.170616724,1936.620026,1936.620026,Low
10.0.0.13,10.0.0.42,24,4440,12,2220,12,2220,8.315199934,8.941360356,1986.274939,1986.274939,Low
10.0.0.13,10.0.0.44,24,4440,12,2220,12,2220,8.386360092,9.529663658,1863.654441,1863.654441,Low
10.0.0.13,10.0.0.45,24,4440,12,2220,12,2220,8.386367815,9.582329511,1853.41153,1853.41153,Low
10.0.0.13,10.0.0.46,24,4440,12,2220,12,2220,8.386370918,10.06445039,1764.62691,1764.62691,Low
10.0.0.13,10.0.0.47,24,4440,12,2220,12,2220,8.386469253,10.28318037,1727.092142,1727.092142,Low
10.0.0.13,10.0.0.48,24,4440,12,2220,12,2220,8.387536333,10.55513483,1682.593381,1682.593381,Low
10.0.0.13,10.0.0.49,24,4440,12,2220,12,2220,8.39435308,11.08602347,1602.017175,1602.017175,Low
10.0.0.14,10.0.0.15,8,1480,4,740,4,740,8.386346919,0.329827397,17948.78186,17948.78186,Low
10.0.0.14,10.0.0.17,8,1480,4,740,4,740,8.394341919,0.771955999,7668.830876,7668.830876,Low
10.0.0.14,10.0.0.16,8,1480,4,740,4,740,8.394346385,0.571799075,10353.28712,10353.28712,Low
10.0.0.14,10.0.0.18,16,2960,8,1480,8,1480,8.533270658,1.258461472,9408.313455,9408.313455,Low
10.0.0.14,10.0.0.19,16,2960,8,1480,8,1480,8.533274041,1.31020375,9036.762412,9036.762412,Low
10.0.0.14,10.0.0.20,16,2960,8,1480,8,1480,8.533276896,1.733999033,6828.14683,6828.14683,Low
10.0.0.14,10.0.0.21,16,2960,8,1480,8,1480,8.533286701,2.021896107,5855.889409,5855.889409,Low
10.0.0.14,10.0.0.22,16,2960,8,1480,8,1480,8.533290847,2.333838704,5073.186926,5073.186926,Low
10.0.0.14,10.0.0.23,16,2960,8,1480,8,1480,8.562068711,2.665045782,4442.700414,4442.700414,Low
10.0.0.14,10.0.0.25,16,2960,8,1480,8,1480,8.562082417,3.395102272,3487.376536,3487.376536,Low
10.0.0.14,10.0.0.24,16,2960,8,1480,8,1480,8.562086897,3.037432904,3898.028491,3898.028491,Low
10.0.0.14,10.0.0.26,24,4440,12,2220,12,2220,8.639424439,3.865692396,4594.261048,4594.261048,Low
10.0.0.14,10.0.0.29,24,4440,12,2220,12,2220,8.639429452,5.123105822,3466.647112,3466.647112,Low
10.0.0.14,10.0.0.27,24,4440,12,2220,12,2220,8.639435408,4.310009645,4120.640431,4120.640431,Low
10.0.0.14,10.0.0.30,24,4440,12,2220,12,2220,8.639438974,5.298948686,3351.608225,3351.608225,Low
10.0.0.14,10.0.0.32,24,4440,12,2220,12,2220,8.639448523,6.070193906,2925.771446,2925.771446,Low
10.0.0.14,10.0.0.28,24,4440,12,2220,12,2220,8.639451754,4.761036583,3730.280096,3730.280096,Low
10.0.0.14,10.0.0.31,24,4440,12,2220,12,2220,8.639455049,5.357175003,3315.180107,3315.180107,Low
10.0.0.14,10.0.0.33,24,4440,12,2220,12,2220,8.639458118,6.264544411,2835.002649,2835.002649,Low
10.0.0.14,10.0.0.34,24,4440,12,2220,12,2220,8.71597019,6.419074059,2766.754182,2766.754182,Low
10.0.0.14,10.0.0.35,24,4440,12,2220,12,2220,8.715973429,6.700154262,2650.685239,2650.685239,Low
10.0.0.14,10.0.0.36,24,4440,12,2220,12,2220,8.715977567,7.257912817,2446.984477,2446.984477,Low
10.0.0.14,10.0.0.37,24,4440,12,2220,12,2220,8.774035522,7.324623968,2424.697852,2424.697852,Low
10.0.0.14,10.0.0.38,24,4440,12,2220,12,2220,8.774038764,7.436857832,2388.105353,2388.105353,Low
10.0.0.14,10.0.0.40,24,4440,12,2220,12,2220,8.774042616,8.180709902,2170.960737,2170.960737,Low
10.0.0.14,10.0.0.39,24,4440,12,2220,12,2220,8.774045419,7.976601175,2226.512221,2226.512221,Low
10.0.0.14,10.0.0.41,24,4440,12,2220,12,2220,8.774053203,8.282691375,2144.230564,2144.230564,Low
10.0.0.14,10.0.0.42,24,4440,12,2220,12,2220,8.820008694,8.439735963,2104.331235,2104.331235,Low
10.0.0.14,10.0.0.43,24,4440,12,2220,12,2220,8.82001178,8.665840996,2049.426017,2049.426017,Low
10.0.0.14,10.0.0.44,24,4440,12,2220,12,2220,8.820015262,9.096048876,1952.496105,1952.496105,Low
10.0.0.14,10.0.0.46,24,4440,12,2220,12,2220,8.820019292,9.529305985,1863.724392,1863.724392,Low
10.0.0.14,10.0.0.45,24,4440,12,2220,12,2220,8.820026339,9.148686275,1941.262326,1941.262326,Low
10.0.0.14,10.0.0.47,24,4440,12,2220,12,2220,8.834477366,9.835202928,1805.758369,1805.758369,Low
10.0.0.14,10.0.0.48,24,4440,12,2220,12,2220,8.834485704,10.1081778,1756.993235,1756.993235,Low
10.0.0.14,10.0.0.49,24,4440,12,2220,12,2220,8.834488806,10.645878,1668.251317,1668.251317,Low
10.0.0.15,10.0.0.16,8,1480,4,740,4,740,8.739214208,0.227013163,26077.78299,26077.78299,Low
10.0.0.15,10.0.0.17,8,1480,4,740,4,740,8.739217271,0.427073337,13861.78786,13861.78786,Low
10.0.0.15,10.0.0.18,16,2960,8,1480,8,1480,8.834467857,0.95724753,12368.79661,12368.79661,Low
10.0.0.15,10.0.0.20,16,2960,8,1480,8,1480,8.834471331,1.432835816,8263.333362,8263.333362,Low
10.0.0.15,10.0.0.19,16,2960,8,1480,8,1480,8.834474569,1.009021766,11734.13736,11734.13736,Low
10.0.0.15,10.0.0.21,16,2960,8,1480,8,1480,8.920609393,1.634582389,7243.44033,7243.44033,Low
10.0.0.15,10.0.0.22,16,2960,8,1480,8,1480,8.92061278,1.946526332,6082.630276,6082.630276,Low
10.0.0.15,10.0.0.23,16,2960,8,1480,8,1480,8.920621791,2.306485757,5133.350581,5133.350581,Low
10.0.0.15,10.0.0.24,16,2960,8,1480,8,1480,8.920625096,2.723003376,4348.140037,4348.140037,Low
10.0.0.15,10.0.0.25,16,2960,8,1480,8,1480,8.920628082,3.114021181,3802.157825,3802.157825,Low
10.0.0.15,10.0.0.26,24,4440,12,2220,12,2220,8.966154168,3.538990618,5018.380074,5018.380074,Low
10.0.0.15,10.0.0.27,24,4440,12,2220,12,2220,8.966175157,3.983255866,4458.664117,4458.664117,Low
10.0.0.15,10.0.0.37,24,4440,12,2220,12,2220,9.015838334,7.077327811,2509.421702,2509.421702,Low
10.0.0.15,10.0.0.35,24,4440,12,2220,12,2220,9.015843519,6.400626585,2774.728343,2774.728343,Low
10.0.0.15,10.0.0.36,24,4440,12,2220,12,2220,9.015847344,6.958019618,2552.450406,2552.450406,Low
10.0.0.15,10.0.0.40,24,4440,12,2220,12,2220,9.015852061,7.929729028,2239.673,2239.673,Low
10.0.0.15,10.0.0.32,24,4440,12,2220,12,2220,9.024426848,5.685257789,3123.868901,3123.868901,Low
10.0.0.15,10.0.0.30,24,4440,12,2220,12,2220,9.024430009,4.913964975,3614.189375,3614.189375,Low
10.0.0.15,10.0.0.28,24,4440,12,2220,12,2220,9.024433922,4.376067929,4058.437915,4058.437915,Low
10.0.0.15,10.0.0.31,24,4440,12,2220,12,2220,9.024437287,4.972205334,3571.855707,3571.855707,Low
10.0.0.15,10.0.0.29,24,4440,12,2220,12,2220,9.024444162,4.738155282,3748.294208,3748.294208,Low
10.0.0.15,10.0.0.43,24,4440,12,2220,12,2220,9.060467417,8.425412117,2107.908759,2107.908759,Low
10.0.0.15,10.0.0.48,24,4440,12,2220,12,2220,9.060471696,10.0575998,1765.828862,1765.828862,Low
10.0.0.15,10.0.0.47,24,4440,12,2220,12,2220,9.060474993,9.609183219,1848.232008,1848.232008,Low
10.0.0.15,10.0.0.46,24,4440,12,2220,12,2220,9.060478314,9.390321629,1891.30902,1891.30902,Low
10.0.0.15,10.0.0.49,24,4440,12,2220,12,2220,9.060481371,10.41990206,1704.430608,1704.430608,Low
10.0.0.15,10.0.0.45,24,4440,12,2220,12,2220,9.080918579,8.887807169,1998.243173,1998.243173,Low
10.0.0.15,10.0.0.39,24,4440,12,2220,12,2220,9.080921903,7.669731647,2315.59601,2315.59601,Low
10.0.0.15,10.0.0.34,24,4440,12,2220,12,2220,9.080929323,6.054090108,2933.553958,2933.553958,Low
10.0.0.15,10.0.0.41,24,4440,12,2220,12,2220,9.080932588,7.930248746,2239.52622,2239.52622,Low
10.0.0.15,10.0.0.38,24,4440,12,2220,12,2220,9.080935947,7.129967321,2490.895007,2490.895007,Low
10.0.0.15,10.0.0.33,24,4440,12,2220,12,2220,9.080939031,5.823090786,3049.926689,3049.926689,Low
10.0.0.15,10.0.0.42,24,4440,12,2220,12,2220,9.080941924,8.17882493,2171.461078,2171.461078,Low
10.0.0.15,10.0.0.44,24,4440,12,2220,12,2220,9.133909357,8.782147683,2022.284371,2022.284371,Low
10.0.0.16,10.0.0.17,8,1480,4,740,4,740,9.015834704,0.150470046,39343.37868,39343.37868,Low
10.0.0.16,10.0.0.20,16,2960,8,1480,8,1480,9.02444724,1.242849099,9526.498438,9526.498438,Low
10.0.0.16,10.0.0.19,16,2960,8,1480,8,1480,9.024450099,0.819065166,14455.50426,14455.50426,Low
10.0.0.16,10.0.0.18,16,2960,8,1480,8,1480,9.024452969,0.767243436,15431.86875,15431.86875,Low
10.0.0.16,10.0.0.21,16,2960,8,1480,8,1480,9.024455875,1.530742932,7734.806252,7734.806252,Low
10.0.0.16,10.0.0.22,16,2960,8,1480,8,1480,9.02446122,1.869826942,6332.136806,6332.136806,Low
10.0.0.16,10.0.0.23,16,2960,8,1480,8,1480,9.024464219,2.277559663,5198.546581,5198.546581,Low
10.0.0.16,10.0.0.25,16,2960,8,1480,8,1480,9.024467023,2.93269776,4037.238396,4037.238396,Low
10.0.0.16,10.0.0.24,16,2960,8,1480,8,1480,9.024471779,2.633831251,4495.352538,4495.352538,Low
10.0.0.16,10.0.0.26,24,4440,12,2220,12,2220,9.177093445,3.328062826,5336.43772,5336.43772,Low
10.0.0.16,10.0.0.27,24,4440,12,2220,12,2220,9.177096348,3.772358971,4707.929478,4707.929478,Low
10.0.0.16,10.0.0.28,24,4440,12,2220,12,2220,9.177099275,4.281497018,4148.081833,4148.081833,Low
10.0.0.16,10.0.0.29,24,4440,12,2220,12,2220,9.177102046,4.585527666,3873.054814,3873.054814,Low
10.0.0.16,10.0.0.30,24,4440,12,2220,12,2220,9.177105389,4.761304222,3730.070412,3730.070412,Low
10.0.0.16,10.0.0.31,24,4440,12,2220,12,2220,9.177111284,4.819546511,3684.994005,3684.994005,Low
10.0.0.16,10.0.0.32,24,4440,12,2220,12,2220,9.177114807,5.532561105,3210.086552,3210.086552,Low
10.0.0.16,10.0.0.33,24,4440,12,2220,12,2220,9.177117644,5.727026223,3101.085853,3101.085853,Low
10.0.0.16,10.0.0.42,24,4440,12,2220,12,2220,9.252120008,8.007659513,2217.876518,2217.876518,Low
10.0.0.16,10.0.0.45,24,4440,12,2220,12,2220,9.252183141,8.716536019,2037.506638,2037.506638,Low
10.0.0.16,10.0.0.43,24,4440,12,2220,12,2220,9.252188775,8.233712067,2156.985799,2156.985799,Low
10.0.0.16,10.0.0.48,24,4440,12,2220,12,2220,9.252191953,9.865897142,1800.140397,1800.140397,Low
10.0.0.16,10.0.0.47,24,4440,12,2220,12,2220,9.252194786,9.417470509,1885.856715,1885.856715,Low
10.0.0.16,10.0.0.37,24,4440,12,2220,12,2220,9.252204334,6.840968489,2596.123638,2596.123638,Low
10.0.0.16,10.0.0.40,24,4440,12,2220,12,2220,9.252207706,7.693358435,2308.484669,2308.484669,Low
10.0.0.16,10.0.0.35,24,4440,12,2220,12,2220,9.252210696,6.164278405,2881.115815,2881.115815,Low
10.0.0.16,10.0.0.36,24,4440,12,2220,12,2220,9.252213491,6.721688122,2642.193401,2642.193401,Low
10.0.0.16,10.0.0.39,24,4440,12,2220,12,2220,9.252216308,7.498446161,2368.4907,2368.4907,Low
10.0.0.16,10.0.0.41,24,4440,12,2220,12,2220,9.252221609,7.758966222,2288.964727,2288.964727,Low
10.0.0.16,10.0.0.38,24,4440,12,2220,12,2220,9.252224915,6.958684911,2552.206376,2552.206376,Low
10.0.0.16,10.0.0.34,24,4440,12,2220,12,2220,9.252227915,5.986276634,2966.785714,2966.785714,Low
10.0.0.16,10.0.0.44,24,4440,12,2220,12,2220,9.306970375,8.617241593,2060.984343,2060.984343,Low
10.0.0.16,10.0.0.49,24,4440,12,2220,12,2220,9.367016237,10.224309,1737.036704,1737.036704,Low
10.0.0.16,10.0.0.46,24,4440,12,2220,12,2220,9.408745009,9.042033557,1964.15993,1964.15993,Low
10.0.0.17,10.0.0.18,16,2960,8,1480,8,1480,9.314536304,0.477226841,24810.00435,24810.00435,Low
10.0.0.17,10.0.0.19,16,2960,8,1480,8,1480,9.314541682,0.528992707,22382.16112,22382.16112,Low
10.0.0.17,10.0.0.20,16,2960,8,1480,8,1480,9.366997768,0.90032002,13150.8794,13150.8794,Low
10.0.0.17,10.0.0.21,16,2960,8,1480,8,1480,9.461666001,1.113627421,10631.92211,10631.92211,Low
10.0.0.17,10.0.0.23,16,2960,8,1480,8,1480,9.461674788,1.765446805,6706.517561,6706.517561,Low
10.0.0.17,10.0.0.22,16,2960,8,1480,8,1480,9.461679037,1.432615784,8264.602507,8264.602507,Low
10.0.0.17,10.0.0.24,16,2960,8,1480,8,1480,9.461682928,2.196628868,5390.077574,5390.077574,Low
10.0.0.17,10.0.0.25,16,2960,8,1480,8,1480,9.461688394,2.495515277,4744.511127,4744.511127,Low
10.0.0.17,10.0.0.26,24,4440,12,2220,12,2220,9.648650928,2.856498775,6217.401581,6217.401581,Low
10.0.0.17,10.0.0.27,24,4440,12,2220,12,2220,9.648654451,3.300722283,5380.640501,5380.640501,Low
10.0.0.17,10.0.0.28,24,4440,12,2220,12,2220,9.64865752,3.872265265,4586.462648,4586.462648,Low
10.0.0.17,10.0.0.29,24,4440,12,2220,12,2220,9.648662117,4.114240881,4316.713706,4316.713706,Low
10.0.0.17,10.0.0.30,24,4440,12,2220,12,2220,9.686958289,4.251444509,4177.403695,4177.403695,Low
10.0.0.17,10.0.0.31,24,4440,12,2220,12,2220,9.686966187,4.321945491,4109.260526,4109.260526,Low
10.0.0.17,10.0.0.33,24,4440,12,2220,12,2220,9.686970199,5.21718394,3404.135297,3404.135297,Low
10.0.0.17,10.0.0.32,24,4440,12,2220,12,2220,9.686973238,5.08839507,3490.295025,3490.295025,Low
10.0.0.17,10.0.0.34,24,4440,12,2220,12,2220,9.686985217,5.448080949,3259.863458,3259.863458,Low
10.0.0.17,10.0.0.35,24,4440,12,2220,12,2220,9.686988356,5.822258977,3050.362423,3050.362423,Low
10.0.0.17,10.0.0.38,24,4440,12,2220,12,2220,9.686991606,6.523927691,2722.286457,2722.286457,Low
10.0.0.17,10.0.0.36,24,4440,12,2220,12,2220,9.686994617,6.286923476,2824.911114,2824.911114,Low
10.0.0.17,10.0.0.39,24,4440,12,2220,12,2220,9.686997741,7.06367136,2514.273257,2514.273257,Low
10.0.0.17,10.0.0.41,24,4440,12,2220,12,2220,9.687002993,7.369734805,2409.856049,2409.856049,Low
10.0.0.17,10.0.0.37,24,4440,12,2220,12,2220,9.687006214,6.411645343,2769.959823,2769.959823,Low
10.0.0.17,10.0.0.40,24,4440,12,2220,12,2220,9.790125499,7.164618966,2478.847805,2478.847805,Low
10.0.0.17,10.0.0.44,24,4440,12,2220,12,2220,9.790129463,8.134089269,2183.403625,2183.403625,Low
10.0.0.17,10.0.0.43,24,4440,12,2220,12,2220,9.81807827,7.6790758,2312.778316,2312.778316,Low
10.0.0.17,10.0.0.42,24,4440,12,2220,12,2220,9.818134682,7.44165746,2386.565103,2386.565103,Low
10.0.0.17,10.0.0.45,24,4440,12,2220,12,2220,9.818156003,8.274507073,2146.351419,2146.351419,Low
10.0.0.17,10.0.0.46,24,4440,12,2220,12,2220,9.818176155,8.63267101,2057.300687,2057.300687,Low
10.0.0.17,10.0.0.47,24,4440,12,2220,12,2220,9.818292193,8.851379576,2006.466884,2006.466884,Low
10.0.0.17,10.0.0.48,24,4440,12,2220,12,2220,9.83665476,9.336579671,1902.195518,1902.195518,Low
10.0.0.17,10.0.0.49,24,4440,12,2220,12,2220,9.836679238,9.754670101,1820.66639,1820.66639,Low
10.0.0.18,10.0.0.25,8,1480,4,740,4,740,9.739456855,2.164711567,2734.775427,2734.775427,Low
10.0.0.18,10.0.0.23,8,1480,4,740,4,740,9.739461387,1.481163807,3996.857047,3996.857047,Low
10.0.0.18,10.0.0.19,8,1480,4,740,4,740,9.739464579,0.079483928,74480.46604,74480.46604,Low
10.0.0.18,10.0.0.20,8,1480,4,740,4,740,9.739469344,0.441331424,13413.95531,13413.95531,Low
10.0.0.18,10.0.0.21,8,1480,4,740,4,740,9.739472652,0.754377592,7847.52896,7847.52896,Low
10.0.0.18,10.0.0.24,8,1480,4,740,4,740,9.73947599,1.903881773,3109.436775,3109.436775,Low
10.0.0.18,10.0.0.22,8,1480,4,740,4,740,9.739482882,1.019317559,5807.807339,5807.807339,Low
10.0.0.18,10.0.0.43,16,2960,8,1480,8,1480,9.819311488,7.74960447,1527.819909,1527.819909,Low
10.0.0.18,10.0.0.42,16,2960,8,1480,8,1480,9.819330406,7.290324094,1624.070459,1624.070459,Low
10.0.0.18,10.0.0.46,16,2960,8,1480,8,1480,9.819348856,8.529985099,1388.044629,1388.044629,Low
10.0.0.18,10.0.0.45,16,2960,8,1480,8,1480,9.819368589,8.142506892,1454.097633,1454.097633,Low
10.0.0.18,10.0.0.41,16,2960,8,1480,8,1480,9.819386946,7.185332362,1647.801299,1647.801299,Low
10.0.0.18,10.0.0.39,16,2960,8,1480,8,1480,9.819405823,6.798687659,1741.512567,1741.512567,Low
10.0.0.18,10.0.0.38,16,2960,8,1480,8,1480,9.819424119,6.322241393,1872.753548,1872.753548,Low
10.0.0.18,10.0.0.40,16,2960,8,1480,8,1480,9.819442448,6.951767391,1703.164006,1703.164006,Low
10.0.0.18,10.0.0.34,16,2960,8,1480,8,1480,9.819461093,5.383847299,2199.170842,2199.170842,Low
10.0.0.18,10.0.0.36,16,2960,8,1480,8,1480,9.819480295,6.056375991,1954.96449,1954.96449,Low
10.0.0.18,10.0.0.35,16,2960,8,1480,8,1480,9.819498551,5.543893586,2135.683129,2135.683129,Low
10.0.0.18,10.0.0.37,16,2960,8,1480,8,1480,9.819516542,6.210634756,1906.407391,1906.407391,Low
10.0.0.18,10.0.0.44,16,2960,8,1480,8,1480,9.843693054,8.031238578,1474.243342,1474.243342,Low
10.0.0.18,10.0.0.47,16,2960,8,1480,8,1480,9.843711427,8.825915745,1341.503855,1341.503855,Low
10.0.0.18,10.0.0.49,16,2960,8,1480,8,1480,9.843729442,9.636096325,1228.71333,1228.71333,Low
10.0.0.18,10.0.0.26,16,2960,8,1480,8,1480,9.84384806,2.661284024,4448.980227,4448.980227,Low
10.0.0.18,10.0.0.27,16,2960,8,1480,8,1480,9.843869245,2.992815285,3956.141249,3956.141249,Low
10.0.0.18,10.0.0.30,16,2960,8,1480,8,1480,9.843888905,3.987410309,2969.345786,2969.345786,Low
10.0.0.18,10.0.0.29,16,2960,8,1480,8,1480,9.843907612,3.71088767,3190.611264,3190.611264,Low
10.0.0.18,10.0.0.33,16,2960,8,1480,8,1480,9.843925773,5.027486872,2355.05339,2355.05339,Low
10.0.0.18,10.0.0.32,16,2960,8,1480,8,1480,9.843944318,4.736720767,2499.619585,2499.619585,Low
10.0.0.18,10.0.0.31,16,2960,8,1480,8,1480,9.843962662,4.094484745,2891.69474,2891.69474,Low
10.0.0.18,10.0.0.28,16,2960,8,1480,8,1480,9.923264782,3.283055802,3606.39621,3606.39621,Low
10.0.0.18,10.0.0.48,16,2960,8,1480,8,1480,10.06237539,9.055622913,1307.474937,1307.474937,Low
10.0.0.19,10.0.0.20,8,1480,4,740,4,740,9.923272637,0.257517808,22988.70143,22988.70143,Low
10.0.0.19,10.0.0.22,8,1480,4,740,4,740,9.923275443,0.835533953,7085.289567,7085.289567,Low
10.0.0.19,10.0.0.21,8,1480,4,740,4,740,9.979119202,0.514720153,11501.3954,11501.3954,Low
10.0.0.19,10.0.0.23,8,1480,4,740,4,740,9.979124565,1.244704174,4756.150195,4756.150195,Low
10.0.0.19,10.0.0.24,8,1480,4,740,4,740,9.979129844,1.664257079,3557.142748,3557.142748,Low
10.0.0.19,10.0.0.25,8,1480,4,740,4,740,9.979134432,1.978108685,2992.757701,2992.757701,Low
10.0.0.19,10.0.0.26,16,2960,8,1480,8,1480,10.06360265,2.441523481,4849.431141,4849.431141,Low
10.0.0.19,10.0.0.27,16,2960,8,1480,8,1480,10.06360552,2.829901033,4183.891897,4183.891897,Low
10.0.0.19,10.0.0.28,16,2960,8,1480,8,1480,10.12150225,3.084839164,3838.125546,3838.125546,Low
10.0.0.19,10.0.0.35,16,2960,8,1480,8,1480,10.12669141,5.16527528,2292.230202,2292.230202,Low
10.0.0.19,10.0.0.34,16,2960,8,1480,8,1480,10.12669908,4.953402926,2390.275973,2390.275973,Low
10.0.0.19,10.0.0.36,16,2960,8,1480,8,1480,10.1267019,5.749176188,2059.425492,2059.425492,Low
10.0.0.19,10.0.0.37,16,2960,8,1480,8,1480,10.12670473,5.965631576,1984.701846,1984.701846,Low
10.0.0.19,10.0.0.29,16,2960,8,1480,8,1480,10.12670758,3.464661256,3417.361504,3417.361504,Low
10.0.0.19,10.0.0.30,16,2960,8,1480,8,1480,10.12671146,3.704601671,3196.02512,3196.02512,Low
10.0.0.19,10.0.0.31,16,2960,8,1480,8,1480,10.12671799,3.811736604,3106.19574,3106.19574,Low
10.0.0.19,10.0.0.39,16,2960,8,1480,8,1480,10.13369155,6.617006516,1789.32875,1789.32875,Low
10.0.0.19,10.0.0.38,16,2960,8,1480,8,1480,10.1336998,6.007979463,1970.712462,1970.712462,Low
10.0.0.19,10.0.0.41,16,2960,8,1480,8,1480,10.13370309,6.871068367,1723.167253,1723.167253,Low
10.0.0.19,10.0.0.40,16,2960,8,1480,8,1480,10.13370692,6.637511862,1783.800955,1783.800955,Low
10.0.0.19,10.0.0.32,16,2960,8,1480,8,1480,10.13371015,4.44694848,2662.499926,2662.499926,Low
10.0.0.19,10.0.0.33,16,2960,8,1480,8,1480,10.13371433,4.737768729,2499.066687,2499.066687,Low
10.0.0.19,10.0.0.42,16,2960,8,1480,8,1480,10.18054669,6.929117215,1708.731377,1708.731377,Low
10.0.0.19,10.0.0.43,16,2960,8,1480,8,1480,10.18060678,7.467870556,1585.458654,1585.458654,Low
10.0.0.19,10.0.0.44,16,2960,8,1480,8,1480,10.18061141,7.73496825,1530.710873,1530.710873,Low
10.0.0.19,10.0.0.45,16,2960,8,1480,8,1480,10.18061483,7.788017575,1520.284191,1520.284191,Low
10.0.0.19,10.0.0.46,16,2960,8,1480,8,1480,10.18061843,8.168729603,1449.429786,1449.429786,Low
10.0.0.19,10.0.0.47,16,2960,8,1480,8,1480,10.18062335,8.407539236,1408.259857,1408.259857,Low
10.0.0.19,10.0.0.48,16,2960,8,1480,8,1480,10.18063048,8.937382853,1324.772609,1324.772609,Low
10.0.0.19,10.0.0.49,16,2960,8,1480,8,1480,10.18063393,9.2992011,1273.227654,1273.227654,Low
10.0.0.20,10.0.0.21,8,1480,4,740,4,740,10.23058509,0.263283144,22485.29819,22485.29819,Low
10.0.0.20,10.0.0.23,8,1480,4,740,4,740,10.28003101,0.943817552,6272.398715,6272.398715,Low
10.0.0.20,10.0.0.24,8,1480,4,740,4,740,10.28003433,1.404127426,4216.141563,4216.141563,Low
10.0.0.20,10.0.0.22,8,1480,4,740,4,740,10.28003734,0.478789938,12364.50378,12364.50378,Low
10.0.0.20,10.0.0.25,8,1480,4,740,4,740,10.28004047,1.681954432,3519.714855,3519.714855,Low
10.0.0.20,10.0.0.26,16,2960,8,1480,8,1480,10.39606026,2.109077076,5613.829923,5613.829923,Low
10.0.0.20,10.0.0.27,16,2960,8,1480,8,1480,10.39607614,2.440631976,4851.202523,4851.202523,Low
10.0.0.20,10.0.0.29,16,2960,8,1480,8,1480,10.39608063,3.158695111,3748.383299,3748.383299,Low
10.0.0.20,10.0.0.28,16,2960,8,1480,8,1480,10.39608375,2.810278973,4213.10486,4213.10486,Low
10.0.0.20,10.0.0.30,16,2960,8,1480,8,1480,10.39608666,3.435219648,3446.650058,3446.650058,Low
10.0.0.20,10.0.0.42,16,2960,8,1480,8,1480,10.48162459,6.720909363,1761.66637,1761.66637,Low
10.0.0.20,10.0.0.43,16,2960,8,1480,8,1480,10.48163009,7.087294971,1670.595065,1670.595065,Low
10.0.0.20,10.0.0.44,16,2960,8,1480,8,1480,10.48163474,7.393312182,1601.447323,1601.447323,Low
10.0.0.20,10.0.0.37,16,2960,8,1480,8,1480,10.48163952,5.548531263,2133.898042,2133.898042,Low
10.0.0.20,10.0.0.35,16,2960,8,1480,8,1480,10.48165769,4.881755742,2425.356906,2425.356906,Low
10.0.0.20,10.0.0.34,16,2960,8,1480,8,1480,10.48166308,4.598420825,2574.796968,2574.796968,Low
10.0.0.20,10.0.0.41,16,2960,8,1480,8,1480,10.48166684,6.523111113,1815.084826,1815.084826,Low
10.0.0.20,10.0.0.38,16,2960,8,1480,8,1480,10.48166988,5.660020341,2091.865274,2091.865274,Low
10.0.0.20,10.0.0.39,16,2960,8,1480,8,1480,10.48167294,6.269002905,1888.657603,1888.657603,Low
10.0.0.20,10.0.0.36,16,2960,8,1480,8,1480,10.48167607,5.394287381,2194.914576,2194.914576,Low
10.0.0.20,10.0.0.40,16,2960,8,1480,8,1480,10.48169609,6.289529222,1882.493837,1882.493837,Low
10.0.0.20,10.0.0.31,16,2960,8,1480,8,1480,10.49375012,3.444716111,3437.148264,3437.148264,Low
10.0.0.20,10.0.0.32,16,2960,8,1480,8,1480,10.49375313,4.08691837,2897.048321,2897.048321,Low
10.0.0.20,10.0.0.33,16,2960,8,1480,8,1480,10.49375617,4.377702111,2704.615275,2704.615275,Low
10.0.0.20,10.0.0.45,16,2960,8,1480,8,1480,10.49867048,7.469968655,1585.013344,1585.013344,Low
10.0.0.20,10.0.0.47,16,2960,8,1480,8,1480,10.49867356,8.170946277,1449.036574,1449.036574,Low
10.0.0.20,10.0.0.46,16,2960,8,1480,8,1480,10.49867648,7.850664499,1508.15259,1508.15259,Low
10.0.0.20,10.0.0.49,16,2960,8,1480,8,1480,10.49867969,9.035946906,1310.321998,1310.321998,Low
10.0.0.20,10.0.0.48,16,2960,8,1480,8,1480,10.49868275,8.61934265,1373.654637,1373.654637,Low
10.0.0.21,10.0.0.22,8,1480,4,740,4,740,10.49866405,0.260153074,22755.83336,22755.83336,Low
10.0.0.21,10.0.0.23,8,1480,4,740,4,740,10.57499785,0.762494003,7763.995489,7763.995489,Low
10.0.0.21,10.0.0.24,8,1480,4,740,4,740,10.57500151,1.109201831,5337.171139,5337.171139,Low
10.0.0.21,10.0.0.25,8,1480,4,740,4,740,10.57500882,1.386961591,4268.322957,4268.322957,Low
10.0.0.21,10.0.0.26,16,2960,8,1480,8,1480,10.630124,1.875016434,6314.61132,6314.61132,Low
10.0.0.21,10.0.0.28,16,2960,8,1480,8,1480,10.67174672,2.53463385,4671.28615,4671.28615,Low
10.0.0.21,10.0.0.27,16,2960,8,1480,8,1480,10.67225963,2.164484137,5470.125559,5470.125559,Low
10.0.0.21,10.0.0.30,16,2960,8,1480,8,1480,10.67441231,3.156908399,3750.504767,3750.504767,Low
10.0.0.21,10.0.0.31,16,2960,8,1480,8,1480,10.6789331,3.259540457,3632.41388,3632.41388,Low
10.0.0.21,10.0.0.32,16,2960,8,1480,8,1480,10.6789803,3.90169971,3034.574898,3034.574898,Low
10.0.0.21,10.0.0.29,16,2960,8,1480,8,1480,10.67898456,2.912368308,4065.419874,4065.419874,Low
10.0.0.21,10.0.0.33,16,2960,8,1480,8,1480,10.67898896,4.192522934,2824.07519,2824.07519,Low
10.0.0.21,10.0.0.34,16,2960,8,1480,8,1480,10.69820783,4.381885203,2702.03336,2702.03336,Low
10.0.0.21,10.0.0.35,16,2960,8,1480,8,1480,10.6982108,4.717842018,2509.621974,2509.621974,Low
10.0.0.21,10.0.0.36,16,2960,8,1480,8,1480,10.69821425,5.177790653,2286.689593,2286.689593,Low
10.0.0.21,10.0.0.37,16,2960,8,1480,8,1480,10.69821784,5.394205644,2194.947835,2194.947835,Low
10.0.0.21,10.0.0.38,16,2960,8,1480,8,1480,10.69822418,5.452632488,2171.428209,2171.428209,Low
10.0.0.21,10.0.0.39,16,2960,8,1480,8,1480,10.7587761,5.991915332,1975.995878,1975.995878,Low
10.0.0.21,10.0.0.40,16,2960,8,1480,8,1480,10.75878281,6.116312341,1935.80696,1935.80696,Low
10.0.0.21,10.0.0.44,16,2960,8,1480,8,1480,10.89154277,6.983420637,1695.444198,1695.444198,Low
10.0.0.21,10.0.0.42,16,2960,8,1480,8,1480,10.8915456,6.311050661,1876.074308,1876.074308,Low
10.0.0.21,10.0.0.43,16,2960,8,1480,8,1480,10.8915483,6.756985079,1752.260788,1752.260788,Low
10.0.0.21,10.0.0.47,16,2960,8,1480,8,1480,10.8915564,7.778038349,1522.234716,1522.234716,Low
10.0.0.21,10.0.0.46,16,2960,8,1480,8,1480,10.89156007,7.457803204,1587.598878,1587.598878,Low
10.0.0.21,10.0.0.49,16,2960,8,1480,8,1480,10.89156298,8.643053938,1369.886163,1369.886163,Low
10.0.0.21,10.0.0.45,16,2960,8,1480,8,1480,10.89156572,7.0770823,1673.005837,1673.005837,Low
10.0.0.21,10.0.0.48,16,2960,8,1480,8,1480,10.8915688,8.22647699,1439.255226,1439.255226,Low
10.0.0.21,10.0.0.41,16,2960,8,1480,8,1480,10.89157163,6.113212941,1936.788415,1936.788415,Low
10.0.0.22,10.0.0.23,8,1480,4,740,4,740,10.86705932,0.47045166,12583.65206,12583.65206,Low
10.0.0.22,10.0.0.25,8,1480,4,740,4,740,10.94325775,1.018758048,5810.997039,5810.997039,Low
10.0.0.22,10.0.0.24,8,1480,4,740,4,740,10.94331737,0.740870434,7990.600958,7990.600958,Low
10.0.0.22,10.0.0.26,16,2960,8,1480,8,1480,10.96160551,1.59232774,7435.655175,7435.655175,Low
10.0.0.22,10.0.0.27,16,2960,8,1480,8,1480,10.96163924,1.87508694,6314.373882,6314.373882,Low
10.0.0.22,10.0.0.34,16,2960,8,1480,8,1480,11.0043752,4.198957374,2819.747605,2819.747605,Low
10.0.0.22,10.0.0.35,16,2960,8,1480,8,1480,11.00440917,4.358993013,2716.22367,2716.22367,Low
10.0.0.22,10.0.0.29,16,2960,8,1480,8,1480,11.00443046,2.587015736,4576.701964,4576.701964,Low
10.0.0.22,10.0.0.28,16,2960,8,1480,8,1480,11.00447115,2.20193019,5377.100534,5377.100534,Low
10.0.0.22,10.0.0.31,16,2960,8,1480,8,1480,11.00449235,2.992070041,3957.126617,3957.126617,Low
10.0.0.22,10.0.0.30,16,2960,8,1480,8,1480,11.00451146,2.826816064,4188.457873,4188.457873,Low
10.0.0.22,10.0.0.33,16,2960,8,1480,8,1480,11.00453106,3.867026978,3061.783656,3061.783656,Low
10.0.0.22,10.0.0.32,16,2960,8,1480,8,1480,11.00455049,3.634881571,3257.327582,3257.327582,Low
10.0.0.22,10.0.0.36,16,2960,8,1480,8,1480,11.0112035,4.864721672,2433.849416,2433.849416,Low
10.0.0.22,10.0.0.38,16,2960,8,1480,8,1480,11.01125071,5.130449332,2307.790066,2307.790066,Low
10.0.0.22,10.0.0.37,16,2960,8,1480,8,1480,11.06774036,5.024740621,2356.340534,2356.340534,Low
10.0.0.22,10.0.0.39,16,2960,8,1480,8,1480,11.17167765,5.579048075,2122.225842,2122.225842,Low
10.0.0.22,10.0.0.40,16,2960,8,1480,8,1480,11.17168177,5.703404698,2075.952984,2075.952984,Low
10.0.0.22,10.0.0.41,16,2960,8,1480,8,1480,11.17168571,5.833107566,2029.792845,2029.792845,Low
10.0.0.22,10.0.0.43,16,2960,8,1480,8,1480,11.22625263,6.412043,1846.525359,1846.525359,Low
10.0.0.22,10.0.0.44,16,2960,8,1480,8,1480,11.22631138,6.689211682,1770.01425,1770.01425,Low
10.0.0.22,10.0.0.42,16,2960,8,1480,8,1480,11.22631692,5.976233452,1981.180972,1981.180972,Low
10.0.0.22,10.0.0.45,16,2960,8,1480,8,1480,11.22631993,6.742340971,1756.066632,1756.066632,Low
10.0.0.22,10.0.0.46,16,2960,8,1480,8,1480,11.22632384,7.123032978,1662.213279,1662.213279,Low
10.0.0.22,10.0.0.47,16,2960,8,1480,8,1480,11.22632739,7.443315672,1590.688951,1590.688951,Low
10.0.0.22,10.0.0.49,16,2960,8,1480,8,1480,11.22633492,8.408068604,1408.171193,1408.171193,Low
10.0.0.22,10.0.0.48,16,2960,8,1480,8,1480,11.22633826,7.891719886,1500.306672,1500.306672,Low
10.0.0.23,10.0.0.24,8,1480,4,740,4,740,11.34642154,0.337847458,17522.70103,17522.70103,Low
10.0.0.23,10.0.0.25,8,1480,4,740,4,740,11.34642534,0.688376321,8599.947179,8599.947179,Low
10.0.0.23,10.0.0.26,16,2960,8,1480,8,1480,11.42711264,1.126828249,10507.36881,10507.36881,Low
10.0.0.23,10.0.0.27,16,2960,8,1480,8,1480,11.42713469,1.409649941,8399.248392,8399.248392,Low
10.0.0.23,10.0.0.28,16,2960,8,1480,8,1480,11.42715953,1.826171309,6483.510031,6483.510031,Low
10.0.0.23,10.0.0.30,16,2960,8,1480,8,1480,11.42718772,2.420175637,4892.20692,4892.20692,Low
10.0.0.23,10.0.0.29,16,2960,8,1480,8,1480,11.42720989,2.164213547,5470.809485,5470.809485,Low
10.0.0.23,10.0.0.31,16,2960,8,1480,8,1480,11.42723326,2.685938987,4408.141829,4408.141829,Low
10.0.0.23,10.0.0.32,16,2960,8,1480,8,1480,11.42729441,3.212131304,3686.026155,3686.026155,Low
10.0.0.23,10.0.0.33,16,2960,8,1480,8,1480,11.42731539,3.444274584,3437.588877,3437.588877,Low
10.0.0.23,10.0.0.35,16,2960,8,1480,8,1480,11.44044171,3.975591915,2978.172874,2978.172874,Low
10.0.0.23,10.0.0.34,16,2960,8,1480,8,1480,11.44049594,3.798078718,3117.365615,3117.365615,Low
10.0.0.23,10.0.0.39,16,2960,8,1480,8,1480,11.44051613,5.310168589,2229.684388,2229.684388,Low
10.0.0.23,10.0.0.38,16,2960,8,1480,8,1480,11.44084713,4.700877942,2518.678457,2518.678457,Low
10.0.0.23,10.0.0.36,16,2960,8,1480,8,1480,11.44087959,4.435110708,2669.606416,2669.606416,Low
10.0.0.23,10.0.0.37,16,2960,8,1480,8,1480,11.44089978,4.651550361,2545.387899,2545.387899,Low
10.0.0.23,10.0.0.40,16,2960,8,1480,8,1480,11.44091955,5.504602783,2150.927227,2150.927227,Low
10.0.0.23,10.0.0.41,16,2960,8,1480,8,1480,11.44097682,5.615783365,2108.343437,2108.343437,Low
10.0.0.23,10.0.0.42,16,2960,8,1480,8,1480,11.58431077,5.61825554,2107.415712,2107.415712,Low
10.0.0.23,10.0.0.44,16,2960,8,1480,8,1480,11.58433203,6.33148047,1870.020773,1870.020773,Low
10.0.0.23,10.0.0.43,16,2960,8,1480,8,1480,11.58435171,6.053911188,1955.760439,1955.760439,Low
10.0.0.23,10.0.0.45,16,2960,8,1480,8,1480,11.58459898,6.384055588,1854.620443,1854.620443,Low
10.0.0.23,10.0.0.46,16,2960,8,1480,8,1480,11.59886536,6.842661197,1730.320947,1730.320947,Low
10.0.0.23,10.0.0.47,16,2960,8,1480,8,1480,11.59887162,7.070730933,1674.508635,1674.508635,Low
10.0.0.23,10.0.0.48,16,2960,8,1480,8,1480,11.59887515,7.574345416,1563.171383,1563.171383,Low
10.0.0.23,10.0.0.49,16,2960,8,1480,8,1480,11.64299002,7.991422961,1481.588455,1481.588455,Low
10.0.0.24,10.0.0.25,8,1480,4,740,4,740,11.78368868,0.25113304,23573.16266,23573.16266,Low
10.0.0.24,10.0.0.26,16,2960,8,1480,8,1480,11.78378009,0.770170326,15373.22278,15373.22278,Low
10.0.0.24,10.0.0.43,16,2960,8,1480,8,1480,11.90409614,5.744469746,2061.112779,2061.112779,Low
10.0.0.24,10.0.0.46,16,2960,8,1480,8,1480,11.90411644,6.537438135,1811.107005,1811.107005,Low
10.0.0.24,10.0.0.45,16,2960,8,1480,8,1480,11.90413602,6.06453325,1952.334914,1952.334914,Low
10.0.0.24,10.0.0.30,16,2960,8,1480,8,1480,11.90417586,1.943227098,6092.957438,6092.957438,Low
10.0.0.24,10.0.0.27,16,2960,8,1480,8,1480,11.90419494,0.989327936,11967.72028,11967.72028,Low
10.0.0.24,10.0.0.29,16,2960,8,1480,8,1480,11.90421374,1.687243608,7017.362486,7017.362486,Low
10.0.0.24,10.0.0.32,16,2960,8,1480,8,1480,11.90423303,2.676453925,4423.763805,4423.763805,Low
10.0.0.24,10.0.0.31,16,2960,8,1480,8,1480,11.90425253,2.208973974,5359.954503,5359.954503,Low
10.0.0.24,10.0.0.33,16,2960,8,1480,8,1480,11.90427184,2.967263572,3990.20839,3990.20839,Low
10.0.0.24,10.0.0.28,16,2960,8,1480,8,1480,11.90429117,1.349074199,8776.389029,8776.389029,Low
10.0.0.24,10.0.0.44,16,2960,8,1480,8,1480,11.9572836,5.958359176,1987.124249,1987.124249,Low
10.0.0.24,10.0.0.49,16,2960,8,1480,8,1480,11.95730231,7.714107252,1534.850322,1534.850322,Low
10.0.0.24,10.0.0.47,16,2960,8,1480,8,1480,11.95732112,6.712291727,1763.928101,1763.928101,Low
10.0.0.24,10.0.0.48,16,2960,8,1480,8,1480,11.95733954,7.21588794,1640.823707,1640.823707,Low
10.0.0.24,10.0.0.42,16,2960,8,1480,8,1480,11.96191552,5.240695778,2259.241998,2259.241998,Low
10.0.0.24,10.0.0.37,16,2960,8,1480,8,1480,11.96202337,4.130491612,2866.486877,2866.486877,Low
10.0.0.24,10.0.0.40,16,2960,8,1480,8,1480,11.96204279,4.983486288,2375.84681,2375.84681,Low
10.0.0.24,10.0.0.36,16,2960,8,1480,8,1480,11.96206147,3.913883209,3025.128592,3025.128592,Low
10.0.0.24,10.0.0.41,16,2960,8,1480,8,1480,11.96208112,5.094669966,2323.997448,2323.997448,Low
10.0.0.24,10.0.0.34,16,2960,8,1480,8,1480,11.96210089,3.241253251,3652.908021,3652.908021,Low
10.0.0.24,10.0.0.38,16,2960,8,1480,8,1480,12.03467719,4.107035322,2882.858089,2882.858089,Low
10.0.0.24,10.0.0.35,16,2960,8,1480,8,1480,12.03469688,3.381374493,3501.534664,3501.534664,Low
10.0.0.24,10.0.0.39,16,2960,8,1480,8,1480,12.03476503,4.71594976,2510.628951,2510.628951,Low
10.0.0.25,10.0.0.26,16,2960,8,1480,8,1480,12.11728503,0.436673411,27114.08504,27114.08504,Low
10.0.0.25,10.0.0.27,16,2960,8,1480,8,1480,12.11728856,0.719475659,16456.42886,16456.42886,Low
10.0.0.25,10.0.0.34,16,2960,8,1480,8,1480,12.18370863,3.054859401,3875.792122,3875.792122,Low
10.0.0.25,10.0.0.36,16,2960,8,1480,8,1480,12.20476953,3.671132618,3225.162704,3225.162704,Low
10.0.0.25,10.0.0.37,16,2960,8,1480,8,1480,12.20505468,3.887518227,3045.644884,3045.644884,Low
10.0.0.25,10.0.0.39,16,2960,8,1480,8,1480,12.20506338,4.545644823,2604.690965,2604.690965,Low
10.0.0.25,10.0.0.28,16,2960,8,1480,8,1480,12.20525889,1.048144751,11296.14969,11296.14969,Low
10.0.0.25,10.0.0.30,16,2960,8,1480,8,1480,12.20532957,1.642094869,7210.30205,7210.30205,Low
10.0.0.25,10.0.0.31,16,2960,8,1480,8,1480,12.2053339,1.907912829,6205.734256,6205.734256,Low
10.0.0.25,10.0.0.29,16,2960,8,1480,8,1480,12.20533842,1.386129094,8541.77295,8541.77295,Low
10.0.0.25,10.0.0.32,16,2960,8,1480,8,1480,12.20534118,2.434097407,4864.226044,4864.226044,Low
10.0.0.25,10.0.0.33,16,2960,8,1480,8,1480,12.20534515,2.666230415,4440.726478,4440.726478,Low
10.0.0.25,10.0.0.42,16,2960,8,1480,8,1480,12.20543531,4.997144853,2369.35297,2369.35297,Low
10.0.0.25,10.0.0.43,16,2960,8,1480,8,1480,12.20543897,5.432887027,2179.320119,2179.320119,Low
10.0.0.25,10.0.0.44,16,2960,8,1480,8,1480,12.20544358,5.710302087,2073.445471,2073.445471,Low
10.0.0.25,10.0.0.41,16,2960,8,1480,8,1480,12.20544857,4.805862901,2463.657463,2463.657463,Low
10.0.0.25,10.0.0.38,16,2960,8,1480,8,1480,12.20551817,4.005493927,2955.94007,2955.94007,Low
10.0.0.25,10.0.0.40,16,2960,8,1480,8,1480,12.20789446,4.737643179,2499.132913,2499.132913,Low
10.0.0.25,10.0.0.35,16,2960,8,1480,8,1480,12.20790815,3.208182535,3690.563075,3690.563075,Low
10.0.0.25,10.0.0.46,16,2960,8,1480,8,1480,12.24988461,6.191602105,1912.267584,1912.267584,Low
10.0.0.25,10.0.0.45,16,2960,8,1480,8,1480,12.2957983,5.672877375,2087.124261,2087.124261,Low
10.0.0.25,10.0.0.48,16,2960,8,1480,8,1480,12.40733281,6.806375921,1739.545411,1739.545411,Low
10.0.0.25,10.0.0.47,16,2960,8,1480,8,1480,12.40733612,6.262300356,1890.679036,1890.679036,Low
10.0.0.25,10.0.0.49,16,2960,8,1480,8,1480,12.40734111,7.227082952,1638.282012,1638.282012,Low
10.0.0.26,10.0.0.27,8,1480,4,740,4,740,12.49799464,0.279311404,21194.98135,21194.98135,Low
10.0.0.26,10.0.0.29,8,1480,4,740,4,740,12.49799931,0.902331599,6560.780988,6560.780988,Low
10.0.0.26,10.0.0.28,8,1480,4,740,4,740,12.4980031,0.552252192,10719.74016,10719.74016,Low
10.0.0.26,10.0.0.31,8,1480,4,740,4,740,12.4980062,1.510884197,3918.235436,3918.235436,Low
10.0.0.26,10.0.0.30,8,1480,4,740,4,740,12.49801076,1.093231666,5415.137691,5415.137691,Low
10.0.0.26,10.0.0.32,8,1480,4,740,4,740,12.49801448,1.935712436,3058.305505,3058.305505,Low
10.0.0.26,10.0.0.33,8,1480,4,740,4,740,12.55386991,2.1969331,2694.665577,2694.665577,Low
10.0.0.26,10.0.0.34,24,4440,12,2220,12,2220,12.77284721,2.539877503,6992.463211,6992.463211,Low
10.0.0.26,10.0.0.35,24,4440,12,2220,12,2220,12.77286701,2.803535706,6334.857788,6334.857788,Low
10.0.0.26,10.0.0.37,24,4440,12,2220,12,2220,12.77288764,3.368651354,5272.13954,5272.13954,Low
10.0.0.26,10.0.0.38,24,4440,12,2220,12,2220,12.77291099,3.43801487,5165.771723,5165.771723,Low
10.0.0.26,10.0.0.36,24,4440,12,2220,12,2220,12.77294148,3.213437234,5526.79225,5526.79225,Low
10.0.0.26,10.0.0.39,24,4440,12,2220,12,2220,12.77297066,4.121573364,4309.034058,4309.034058,Low
10.0.0.26,10.0.0.40,24,4440,12,2220,12,2220,12.81097371,4.200236276,4228.333559,4228.333559,Low
10.0.0.26,10.0.0.41,24,4440,12,2220,12,2220,12.81099537,4.372908719,4061.369935,4061.369935,Low
10.0.0.26,10.0.0.42,24,4440,12,2220,12,2220,12.83528682,4.452597219,3988.683262,3988.683262,Low
10.0.0.26,10.0.0.43,24,4440,12,2220,12,2220,12.83528966,5.039623509,3524.072774,3524.072774,Low
10.0.0.26,10.0.0.45,24,4440,12,2220,12,2220,12.89270725,5.230836979,3395.250143,3395.250143,Low
10.0.0.26,10.0.0.44,24,4440,12,2220,12,2220,12.99402115,4.974547578,3570.173915,3570.173915,Low
10.0.0.26,10.0.0.46,24,4440,12,2220,12,2220,12.99402897,5.456850861,3254.624407,3254.624407,Low
10.0.0.26,10.0.0.47,24,4440,12,2220,12,2220,12.99403183,5.720267888,3104.749698,3104.749698,Low
10.0.0.26,10.0.0.48,24,4440,12,2220,12,2220,12.99403453,6.289410088,2823.794243,2823.794243,Low
10.0.0.26,10.0.0.49,24,4440,12,2220,12,2220,13.05013285,6.626026563,2680.339391,2680.339391,Low
10.0.0.27,10.0.0.28,8,1480,4,740,4,740,12.89066255,0.262783758,22528.02854,22528.02854,Low
10.0.0.27,10.0.0.31,8,1480,4,740,4,740,12.89066611,1.132848098,5225.766818,5225.766818,Low
10.0.0.27,10.0.0.29,8,1480,4,740,4,740,12.890669,0.509683925,11615.04162,11615.04162,Low
10.0.0.27,10.0.0.30,8,1480,4,740,4,740,12.89067207,0.700547132,8450.537772,8450.537772,Low
10.0.0.27,10.0.0.32,8,1480,4,740,4,740,12.89271756,1.374619061,4306.647687,4306.647687,Low
10.0.0.27,10.0.0.33,8,1480,4,740,4,740,12.94883431,1.760783493,3362.139652,3362.139652,Low
10.0.0.27,10.0.0.44,26,4810,12,2220,14,2590,13.20509484,4.763491622,3728.35756,4349.750486,Low
10.0.0.27,10.0.0.43,26,4810,12,2220,14,2590,13.2051,4.577956598,3879.460108,4526.036793,Low
10.0.0.27,10.0.0.37,26,4810,12,2220,14,2590,13.25143985,2.890092288,6145.132484,7169.321231,Low
10.0.0.27,10.0.0.36,24,4440,12,2220,12,2220,13.31588547,2.670499954,6650.440107,6650.440107,Low
10.0.0.27,10.0.0.41,26,4810,12,2220,14,2590,13.31593024,3.842456603,4622.043092,5392.383608,Low
10.0.0.27,10.0.0.40,26,4810,12,2220,14,2590,13.31593421,3.688811529,4814.558798,5616.985264,Low
10.0.0.27,10.0.0.34,26,4810,12,2220,14,2590,13.31593943,2.19326236,8097.526463,9447.114207,Low
10.0.0.27,10.0.0.38,26,4810,12,2220,14,2590,13.3159469,2.939289861,6042.275801,7049.321768,Low
10.0.0.27,10.0.0.42,26,4810,12,2220,14,2590,13.35377256,4.050736354,4384.388034,5115.119373,Low
10.0.0.27,10.0.0.45,26,4810,12,2220,14,2590,13.35377579,4.769805272,3723.422443,4343.992851,Low
10.0.0.27,10.0.0.47,26,4810,12,2220,14,2590,13.3537788,5.36055881,3313.087428,3865.268666,Low
10.0.0.27,10.0.0.49,26,4810,12,2220,14,2590,13.35378646,6.330209604,2805.594303,3273.193353,Low
10.0.0.27,10.0.0.46,26,4810,12,2220,14,2590,13.35379004,5.097079502,3484.348242,4065.072949,Low
10.0.0.27,10.0.0.39,26,4810,12,2220,14,2590,13.39974855,3.494815175,5081.813804,5928.782772,Low
10.0.0.27,10.0.0.35,26,4810,12,2220,14,2590,13.39975534,2.261222078,7854.160002,9163.186669,Low
10.0.0.27,10.0.0.48,24,4440,12,2220,12,2220,13.40024845,5.883202935,3018.763792,3018.763792,Low
10.0.0.28,10.0.0.29,8,1480,4,740,4,740,13.20506951,0.195272582,30316.59611,30316.59611,Low
10.0.0.28,10.0.0.31,8,1480,4,740,4,740,13.20508139,0.818380585,7233.798197,7233.798197,Low
10.0.0.28,10.0.0.30,8,1480,4,740,4,740,13.2050849,0.386229964,15327.65594,15327.65594,Low
10.0.0.28,10.0.0.33,8,1480,4,740,4,740,13.20508848,1.504546854,3934.739543,3934.739543,Low
10.0.0.28,10.0.0.32,8,1480,4,740,4,740,13.20509156,1.228643649,4818.321411,4818.321411,Low
10.0.0.28,10.0.0.43,24,4440,12,2220,12,2220,13.51983089,4.263219255,4165.865966,4165.865966,Low
10.0.0.28,10.0.0.42,24,4440,12,2220,12,2220,13.51985165,3.768039137,4713.32684,4713.32684,Low
10.0.0.28,10.0.0.44,24,4440,12,2220,12,2220,13.51987213,4.442116497,3998.094154,3998.094154,Low
10.0.0.28,10.0.0.45,24,4440,12,2220,12,2220,13.51989247,4.603632124,3857.823458,3857.823458,Low
10.0.0.28,10.0.0.46,24,4440,12,2220,12,2220,13.51991745,5.015608657,3540.946117,3540.946117,Low
10.0.0.28,10.0.0.34,24,4440,12,2220,12,2220,13.55453508,1.758178126,10101.36558,10101.36558,Low
10.0.0.28,10.0.0.36,24,4440,12,2220,12,2220,13.55455487,2.475635142,7173.916584,7173.916584,Low
10.0.0.28,10.0.0.35,24,4440,12,2220,12,2220,13.55457465,2.106419433,8431.369233,8431.369233,Low
10.0.0.28,10.0.0.40,24,4440,12,2220,12,2220,13.55459409,3.45660935,5137.982977,5137.982977,Low
10.0.0.28,10.0.0.38,24,4440,12,2220,12,2220,13.55461264,2.700633025,6576.235955,6576.235955,Low
10.0.0.28,10.0.0.41,24,4440,12,2220,12,2220,13.55463094,3.603694515,4928.27567,4928.27567,Low
10.0.0.28,10.0.0.39,24,4440,12,2220,12,2220,13.57968156,3.314873193,5357.671008,5357.671008,Low
10.0.0.28,10.0.0.37,26,4810,12,2220,14,2590,13.5796876,2.561860041,6932.463021,8087.873525,Low
10.0.0.28,10.0.0.48,24,4440,12,2220,12,2220,13.71670863,5.566749271,3190.371819,3190.371819,Low
10.0.0.28,10.0.0.49,26,4810,12,2220,14,2590,13.76056851,5.923434431,2998.260588,3497.970686,Low
10.0.0.28,10.0.0.47,26,4810,12,2220,14,2590,13.76057339,4.953745111,3585.166294,4182.694009,Low
10.0.0.29,10.0.0.30,8,1480,4,740,4,740,13.4583666,0.132898907,44545.13685,44545.13685,Low
10.0.0.29,10.0.0.31,8,1480,4,740,4,740,13.45837089,0.550532475,10753.22577,10753.22577,Low
10.0.0.29,10.0.0.33,8,1480,4,740,4,740,13.45837485,1.251253476,4731.255588,4731.255588,Low
10.0.0.29,10.0.0.32,8,1480,4,740,4,740,13.45838428,0.975367338,6069.508143,6069.508143,Low
10.0.0.29,10.0.0.36,24,4440,12,2220,12,2220,13.84651887,2.183733362,8132.861048,8132.861048,Low
10.0.0.29,10.0.0.34,24,4440,12,2220,12,2220,13.84652196,1.662664467,10681.65006,10681.65006,Low
10.0.0.29,10.0.0.37,24,4440,12,2220,12,2220,13.84658131,2.294972846,7738.653654,7738.653654,Low
10.0.0.29,10.0.0.35,26,4810,12,2220,14,2590,13.9317844,1.729224894,10270.49753,11982.24712,Low
10.0.0.29,10.0.0.42,26,4810,12,2220,14,2590,13.93180506,3.472697341,5114.180205,5966.543573,Low
10.0.0.29,10.0.0.44,26,4810,12,2220,14,2590,13.93182433,4.0368009,4399.523395,5132.777294,Low
10.0.0.29,10.0.0.46,26,4810,12,2220,14,2590,13.93184364,4.603694943,3857.770817,4500.732619,Low
10.0.0.29,10.0.0.45,26,4810,12,2220,14,2590,13.93216377,4.191396356,4237.251382,4943.459945,Low
10.0.0.29,10.0.0.43,26,4810,12,2220,14,2590,13.93220792,3.942696026,4504.531895,5255.28721,Low
10.0.0.29,10.0.0.47,26,4810,12,2220,14,2590,13.93223653,4.79838545,3701.244968,4318.119129,Low
10.0.0.29,10.0.0.49,26,4810,12,2220,14,2590,13.93235754,5.751667867,3087.799993,3602.433325,Low
10.0.0.29,10.0.0.48,26,4810,12,2220,14,2590,13.93237931,5.351087428,3318.951566,3872.110161,Low
10.0.0.29,10.0.0.40,26,5012,12,2220,14,2792,13.93239907,3.072356704,5780.578791,7269.989182,Low
10.0.0.29,10.0.0.41,26,4810,12,2220,14,2590,13.93241862,3.251463531,5462.155682,6372.514962,Low
10.0.0.29,10.0.0.39,26,4810,12,2220,14,2590,13.93540718,2.959163051,6001.696998,7001.979831,Low
10.0.0.29,10.0.0.38,26,4810,12,2220,14,2590,13.93782349,2.317451053,7663.59228,8940.85766,Low
10.0.0.30,10.0.0.31,8,1480,4,740,4,740,13.71669861,0.306750266,19299.08677,19299.08677,Low
10.0.0.30,10.0.0.33,8,1480,4,740,4,740,13.71670183,1.03413272,5724.603705,5724.603705,Low
10.0.0.30,10.0.0.32,8,1480,4,740,4,740,13.7605576,0.673212398,8793.65861,8793.65861,Low
10.0.0.30,10.0.0.43,24,4440,12,2220,12,2220,13.99495214,3.788080701,4688.390085,4688.390085,Low
10.0.0.30,10.0.0.42,24,4440,12,2220,12,2220,13.9949554,3.409568865,5208.869714,5208.869714,Low
10.0.0.30,10.0.0.45,24,4440,12,2220,12,2220,13.9949588,4.18754798,4241.145435,4241.145435,Low
10.0.0.30,10.0.0.44,24,4440,12,2220,12,2220,13.99496246,3.973617225,4469.479317,4469.479317,Low
10.0.0.30,10.0.0.46,24,4440,12,2220,12,2220,13.99497209,4.540580366,3911.394264,3911.394264,Low
10.0.0.30,10.0.0.47,24,4440,12,2220,12,2220,13.99498017,4.735648249,3750.27854,3750.27854,Low
10.0.0.30,10.0.0.48,24,4440,12,2220,12,2220,13.99498317,5.28849008,3358.236421,3358.236421,Low
10.0.0.30,10.0.0.34,24,4440,12,2220,12,2220,14.02256397,1.486648963,11946.3306,11946.3306,Low
10.0.0.30,10.0.0.36,26,4810,12,2220,14,2590,14.02256815,2.007641677,8846.200098,10320.56678,Low
10.0.0.30,10.0.0.35,26,4810,12,2220,14,2590,14.02257125,1.745821237,10172.86285,11868.33999,Low
10.0.0.30,10.0.0.37,24,4440,12,2220,12,2220,14.02257448,2.128302095,8344.680035,8344.680035,Low
10.0.0.30,10.0.0.38,24,4440,12,2220,12,2220,14.02257769,2.232674553,7954.58522,7954.58522,Low
10.0.0.30,10.0.0.41,26,4810,12,2220,14,2590,14.02258336,3.161307855,5617.928027,6554.249365,Low
10.0.0.30,10.0.0.40,26,5012,12,2220,14,2792,14.02258671,2.982175792,5955.38333,7489.83345,Low
10.0.0.30,10.0.0.39,26,4810,12,2220,14,2590,14.02259006,2.871986931,6183.872151,7214.517509,Low
10.0.0.30,10.0.0.49,26,4810,12,2220,14,2590,14.20573802,5.478280786,3241.892976,3782.208472,Low
10.0.0.31,10.0.0.32,8,1480,4,740,4,740,14.20572564,0.22803485,25960.94413,25960.94413,Low
10.0.0.31,10.0.0.33,8,1480,4,740,4,740,14.20572886,0.545089743,10860.59695,10860.59695,Low
10.0.0.31,10.0.0.35,26,4810,12,2220,14,2590,14.46992105,1.298481456,13677.51531,15957.1012,Low
10.0.0.31,10.0.0.34,26,4810,12,2220,14,2590,14.46992575,1.039299011,17088.44116,19936.51469,Low
10.0.0.31,10.0.0.36,24,4440,12,2220,12,2220,14.46992941,1.560448674,11381.34198,11381.34198,Low
10.0.0.31,10.0.0.37,24,4440,12,2220,12,2220,14.46993229,1.68096367,10565.36814,10565.36814,Low
10.0.0.31,10.0.0.38,24,4440,12,2220,12,2220,14.46993551,1.785332341,9947.72771,9947.72771,Low
10.0.0.31,10.0.0.39,26,4810,12,2220,14,2590,14.48620123,2.4593146,7221.524241,8425.111614,Low
10.0.0.31,10.0.0.40,24,4440,12,2220,12,2220,14.48620425,2.525084114,7033.429065,7033.429065,Low
10.0.0.31,10.0.0.41,24,4440,12,2220,12,2220,14.48621097,2.672132999,6646.375763,6646.375763,Low
10.0.0.31,10.0.0.44,26,4810,12,2220,14,2590,14.63918102,3.329435015,5334.238368,6223.278096,Low
10.0.0.31,10.0.0.43,26,4810,12,2220,14,2590,14.63918433,3.14385895,5649.108399,6590.626466,Low
10.0.0.31,10.0.0.42,26,4810,12,2220,14,2590,14.63918743,2.765308384,6422.430172,7492.835201,Low
10.0.0.31,10.0.0.46,26,4810,12,2220,14,2590,14.6391961,3.896372963,4558.085216,5317.766086,Low
10.0.0.31,10.0.0.47,26,4810,12,2220,14,2590,14.6391995,4.091437545,4340.772602,5064.234703,Low
10.0.0.31,10.0.0.45,26,4810,12,2220,14,2590,14.63920507,3.54328408,5012.299211,5847.682413,Low
10.0.0.31,10.0.0.48,26,4810,12,2220,14,2590,14.63920785,4.644272138,3824.065316,4461.409535,Low
10.0.0.31,10.0.0.49,24,4440,12,2220,12,2220,14.63921086,5.044821098,3520.441985,3520.441985,Low
10.0.0.32,10.0.0.33,8,1480,4,740,4,740,14.48619711,0.264652658,22368.94216,22368.94216,Low
10.0.0.32,10.0.0.35,24,4440,12,2220,12,2220,14.76808435,1.000325259,17754.22528,17754.22528,Low
10.0.0.32,10.0.0.34,24,4440,12,2220,12,2220,14.76808765,0.648420855,27389.61874,27389.61874,Low
10.0.0.32,10.0.0.36,24,4440,12,2220,12,2220,14.76809052,1.262142337,14071.3131,14071.3131,Low
10.0.0.32,10.0.0.37,24,4440,12,2220,12,2220,14.76809793,1.382835646,12843.17486,12843.17486,Low
10.0.0.32,10.0.0.40,24,4440,12,2220,12,2220,14.76810114,2.243200775,7917.25832,7917.25832,Low
10.0.0.32,10.0.0.38,24,4440,12,2220,12,2220,14.76810449,1.48715427,11942.27146,11942.27146,Low
10.0.0.32,10.0.0.39,24,4440,12,2220,12,2220,14.76810744,2.126478494,8351.83617,8351.83617,Low
10.0.0.32,10.0.0.41,24,4440,12,2220,12,2220,14.76811115,2.390252183,7430.178341,7430.178341,Low
10.0.0.32,10.0.0.43,26,4810,12,2220,14,2590,14.9479837,2.835040583,6264.460589,7308.537354,Low
10.0.0.32,10.0.0.44,26,4810,12,2220,14,2590,14.9479869,3.020622799,5879.582186,6859.51255,Low
10.0.0.32,10.0.0.42,26,4810,12,2220,14,2590,14.94799073,2.456495719,7229.811093,8434.779609,Low
10.0.0.32,10.0.0.46,26,4810,12,2220,14,2590,14.94799845,3.587582531,4950.408763,5775.47689,Low
10.0.0.32,10.0.0.45,26,4810,12,2220,14,2590,14.94800191,3.234536021,5490.74114,6405.864664,Low
10.0.0.32,10.0.0.47,24,4440,12,2220,12,2220,14.94800509,3.782645031,4695.127313,4695.127313,Low
10.0.0.32,10.0.0.49,24,4440,12,2220,12,2220,14.948008,4.825870296,3680.165216,3680.165216,Low
10.0.0.32,10.0.0.48,24,4440,12,2220,12,2220,14.94801091,4.335477943,4096.434173,4096.434173,Low
10.0.0.33,10.0.0.35,24,4440,12,2220,12,2220,15.04106861,0.72734778,24417.48018,24417.48018,Low
10.0.0.33,10.0.0.36,24,4440,12,2220,12,2220,15.04107472,0.98932553,17951.62407,17951.62407,Low
10.0.0.33,10.0.0.38,24,4440,12,2220,12,2220,15.04107782,1.214203359,14626.87438,14626.87438,Low
10.0.0.33,10.0.0.37,24,4440,12,2220,12,2220,15.04108094,1.109833967,16002.39363,16002.39363,Low
10.0.0.33,10.0.0.39,24,4440,12,2220,12,2220,15.04108437,1.904418702,9325.680315,9325.680315,Low
10.0.0.33,10.0.0.40,24,4440,12,2220,12,2220,15.0410932,1.970202037,9014.303948,9014.303948,Low
10.0.0.33,10.0.0.41,24,4440,12,2220,12,2220,15.04109665,2.142814772,8288.163882,8288.163882,Low
10.0.0.33,10.0.0.42,26,4810,12,2220,14,2590,15.19924318,2.205274589,8053.418875,9395.655354,Low
10.0.0.33,10.0.0.43,24,4440,12,2220,12,2220,15.19924631,2.675676176,6637.574516,6637.574516,Low
10.0.0.33,10.0.0.44,24,4440,12,2220,12,2220,15.19924953,2.769344588,6413.069748,6413.069748,Low
10.0.0.33,10.0.0.46,24,4440,12,2220,12,2220,15.19925651,3.336339113,5323.19989,5323.19989,Low
10.0.0.33,10.0.0.47,26,4810,12,2220,14,2590,15.19925957,3.531383992,5029.1897,5867.387984,Low
10.0.0.33,10.0.0.45,26,4810,12,2220,14,2590,15.19926293,2.983259946,5953.21907,6945.422248,Low
10.0.0.33,10.0.0.49,26,4810,12,2220,14,2590,15.24776691,4.526092324,3923.914655,4577.900431,Low
10.0.0.33,10.0.0.48,26,4810,12,2220,14,2590,15.24777439,4.035721014,4400.700628,5134.150732,Low
10.0.0.34,10.0.0.33,24,4440,12,2220,12,2220,15.01460229,0.528691502,33592.36896,33592.36896,Low
10.0.0.34,10.0.0.35,8,1480,4,740,4,740,15.08000548,0.283298048,20896.72005,20896.72005,Low
10.0.0.34,10.0.0.37,8,1480,4,740,4,740,15.08001604,0.795743915,7439.579353,7439.579353,Low
10.0.0.34,10.0.0.38,8,1480,4,740,4,740,15.08002074,1.06148511,5577.091892,5577.091892,Low
10.0.0.34,10.0.0.36,8,1480,4,740,4,740,15.13445785,0.605890363,9770.744612,9770.744612,Low
10.0.0.34,10.0.0.39,8,1480,4,740,4,740,15.13452324,1.44636121,4093.030122,4093.030122,Low
10.0.0.34,10.0.0.41,8,1480,4,740,4,740,15.13452819,1.810873313,3269.140893,3269.140893,Low
10.0.0.34,10.0.0.40,8,1480,4,740,4,740,15.13454103,1.616043969,3663.266664,3663.266664,Low
10.0.0.34,10.0.0.42,24,4440,12,2220,12,2220,15.36309202,1.987759158,8934.684028,8934.684028,Low
10.0.0.34,10.0.0.43,24,4440,12,2220,12,2220,15.36309488,2.286006445,7769.006968,7769.006968,Low
10.0.0.34,10.0.0.44,24,4440,12,2220,12,2220,15.36309767,2.56110276,6934.51285,6934.51285,Low
10.0.0.34,10.0.0.45,24,4440,12,2220,12,2220,15.41409264,2.935161199,6050.774999,6050.774999,Low
10.0.0.34,10.0.0.47,24,4440,12,2220,12,2220,15.41414395,3.3164252,5355.163747,5355.163747,Low
10.0.0.34,10.0.0.46,24,4440,12,2220,12,2220,15.41416452,3.138316375,5659.085279,5659.085279,Low
10.0.0.34,10.0.0.48,24,4440,12,2220,12,2220,15.41422365,3.869278309,4590.003247,4590.003247,Low
10.0.0.34,10.0.0.49,24,4440,12,2220,12,2220,15.41424453,4.26979592,4159.449382,4159.449382,Low
10.0.0.35,10.0.0.37,8,1480,4,740,4,740,15.41440559,0.559042696,10589.53107,10589.53107,Low
10.0.0.35,10.0.0.36,8,1480,4,740,4,740,15.41591303,0.324425687,18247.63031,18247.63031,Low
10.0.0.35,10.0.0.39,8,1480,4,740,4,740,15.41598061,1.164914402,5081.918457,5081.918457,Low
10.0.0.35,10.0.0.38,8,1480,4,740,4,740,15.50888793,0.632596117,9358.261679,9358.261679,Low
10.0.0.35,10.0.0.41,8,1480,4,740,4,740,15.50889262,1.436522684,4121.062665,4121.062665,Low
10.0.0.35,10.0.0.40,8,1480,4,740,4,740,15.50889817,1.241710294,4767.617719,4767.617719,Low
10.0.0.35,10.0.0.43,26,4810,12,2220,14,2590,15.87506658,1.873230561,9480.947177,11061.10504,Low
10.0.0.35,10.0.0.44,26,4810,12,2220,14,2590,15.87507145,2.086848473,8510.440614,9928.847383,Low
10.0.0.35,10.0.0.42,26,4810,12,2220,14,2590,15.87507534,1.475762847,12034.45393,14040.19626,Low
10.0.0.35,10.0.0.45,24,4440,12,2220,12,2220,15.87508513,2.441150032,7275.259516,7275.259516,Low
10.0.0.35,10.0.0.46,26,4810,12,2220,14,2590,15.87508862,2.677420423,6633.250366,7738.792093,Low
10.0.0.35,10.0.0.47,26,4810,12,2220,14,2590,15.97321743,2.757340187,6440.989793,7514.488092,Low
10.0.0.35,10.0.0.48,24,4440,12,2220,12,2220,15.97850241,3.30500815,5373.662997,5373.662997,Low
10.0.0.35,10.0.0.49,26,4810,12,2220,14,2590,15.97850741,3.70553965,4792.824171,5591.628199,Low
10.0.0.36,10.0.0.37,8,1480,4,740,4,740,15.76807726,0.205352184,28828.52222,28828.52222,Low
10.0.0.36,10.0.0.39,8,1480,4,740,4,740,15.76808289,0.812833383,7283.165436,7283.165436,Low
10.0.0.36,10.0.0.38,8,1480,4,740,4,740,15.76808608,0.373404539,15854.11901,15854.11901,Low
10.0.0.36,10.0.0.40,8,1480,4,740,4,740,15.76808893,0.982528544,6025.270244,6025.270244,Low
10.0.0.36,10.0.0.41,8,1480,4,740,4,740,15.7680994,1.177337247,5028.295856,5028.295856,Low
10.0.0.36,10.0.0.42,26,4810,12,2220,14,2590,16.11972198,1.231122788,14425.85595,16830.16528,Low
10.0.0.36,10.0.0.43,28,5180,12,2220,16,2960,16.13860292,1.510514369,11757.58428,15676.77904,Low
10.0.0.36,10.0.0.45,26,4810,12,2220,14,2590,16.1386163,2.21055607,8034.177572,9373.207168,Low
10.0.0.36,10.0.0.44,28,5180,12,2220,16,2960,16.13862002,1.823271844,9740.730686,12987.64091,Low
10.0.0.36,10.0.0.46,26,4810,12,2220,14,2590,16.13862351,2.413930539,7357.295379,8583.511276,Low
10.0.0.36,10.0.0.49,26,4810,12,2220,14,2590,16.15048238,3.593433343,4942.34853,5766.073285,Low
10.0.0.36,10.0.0.48,26,4810,12,2220,14,2590,16.15050286,3.133014112,5668.662625,6613.439729,Low
10.0.0.36,10.0.0.47,26,4810,12,2220,14,2590,16.15065326,2.57993913,6883.883342,8031.197232,Low
10.0.0.37,10.0.0.38,8,1480,4,740,4,740,15.97851043,0.162988943,36321.48225,36321.48225,Low
10.0.0.37,10.0.0.39,8,1480,4,740,4,740,15.9785196,0.602348149,9828.203191,9828.203191,Low
10.0.0.37,10.0.0.41,8,1480,4,740,4,740,15.97852308,0.966964513,6122.251562,6122.251562,Low
10.0.0.37,10.0.0.40,8,1480,4,740,4,740,15.97852644,0.772051678,7667.880491,7667.880491,Low
10.0.0.37,10.0.0.42,26,4810,12,2220,14,2590,16.25500773,1.095821814,16207.01447,18908.18355,Low
10.0.0.37,10.0.0.43,24,4440,12,2220,12,2220,16.25509452,1.493195289,11893.95662,11893.95662,Low
10.0.0.37,10.0.0.44,26,4810,12,2220,14,2590,16.25510203,1.706805523,10405.4034,12139.63731,Low
10.0.0.37,10.0.0.45,24,4440,12,2220,12,2220,16.26524954,2.083956337,8522.251491,8522.251491,Low
10.0.0.37,10.0.0.46,26,4810,12,2220,14,2590,16.26554139,2.28698951,7765.667452,9059.94536,Low
10.0.0.37,10.0.0.47,26,4810,12,2220,14,2590,16.26569071,2.464909327,7205.133189,8405.988721,Low
10.0.0.37,10.0.0.49,26,4810,12,2220,14,2590,16.26569879,3.508014036,5062.69354,5906.475797,Low
10.0.0.37,10.0.0.48,26,4810,12,2220,14,2590,16.26579005,3.101846966,5725.620959,6679.891119,Low
10.0.0.38,10.0.0.39,8,1480,4,740,4,740,16.15067993,0.43022645,13760.19536,13760.19536,Low
10.0.0.38,10.0.0.40,8,1480,4,740,4,740,16.15081991,0.620322313,9543.425854,9543.425854,Low
10.0.0.38,10.0.0.41,8,1480,4,740,4,740,16.21067303,0.734777452,8056.861277,8056.861277,Low
10.0.0.38,10.0.0.42,24,4440,12,2220,12,2220,16.68456177,0.666298351,26654.72603,26654.72603,Low
10.0.0.38,10.0.0.43,24,4440,12,2220,12,2220,16.73823471,1.010044463,17583.38435,17583.38435,Low
10.0.0.38,10.0.0.44,24,4440,12,2220,12,2220,16.73823804,1.22369609,14513.40749,14513.40749,Low
10.0.0.38,10.0.0.45,24,4440,12,2220,12,2220,16.73824414,1.61098391,11024.31867,11024.31867,Low
10.0.0.38,10.0.0.46,26,4810,12,2220,14,2590,16.73824721,1.81432047,9788.788857,11420.25367,Low
10.0.0.38,10.0.0.47,24,4440,12,2220,12,2220,16.73825016,1.992333317,8914.171062,8914.171062,Low
10.0.0.38,10.0.0.48,24,4440,12,2220,12,2220,16.73825335,2.629400648,6754.390973,6754.390973,Low
10.0.0.38,10.0.0.49,26,4810,12,2220,14,2590,16.7382568,3.035480682,5850.803171,6825.937033,Low
10.0.0.39,10.0.0.40,8,1480,4,740,4,740,16.61517531,0.15594196,37962.84207,37962.84207,Low
10.0.0.39,10.0.0.41,8,1480,4,740,4,740,16.73826212,0.216472124,27347.63207,27347.63207,Low
10.0.0.39,10.0.0.45,24,4440,12,2220,12,2220,16.94535981,1.403914248,12650.34529,12650.34529,Low
10.0.0.39,10.0.0.48,24,4440,12,2220,12,2220,17.00421876,2.363442662,7514.461969,7514.461969,Low
10.0.0.39,10.0.0.43,26,4810,12,2220,14,2590,17.00428185,0.911192319,19490.94569,22739.43663,Low
10.0.0.39,10.0.0.46,24,4440,12,2220,12,2220,17.00428633,1.548274708,11470.8326,11470.8326,Low
10.0.0.39,10.0.0.47,24,4440,12,2220,12,2220,17.00428951,1.726287109,10287.9758,10287.9758,Low
10.0.0.39,10.0.0.44,26,4810,12,2220,14,2590,17.00429368,0.95768095,18544.79824,21635.59795,Low
10.0.0.39,10.0.0.49,24,4440,12,2220,12,2220,17.00430377,2.769453477,6412.8176,6412.8176,Low
10.0.0.39,10.0.0.42,24,4440,12,2220,12,2220,17.00430701,0.346470734,51259.74074,51259.74074,Low
10.0.0.40,10.0.0.41,8,1480,4,740,4,740,16.89442733,0.051045056,115975.9723,115975.9723,Low
10.0.0.40,10.0.0.49,24,4440,12,2220,12,2220,17.12969615,2.644140357,6716.738751,6716.738751,Low
10.0.0.40,10.0.0.44,24,4440,12,2220,12,2220,17.13221035,0.829749953,21404.03857,21404.03857,Low
10.0.0.40,10.0.0.43,24,4440,12,2220,12,2220,17.13221753,0.650797168,27289.60861,27289.60861,Low
10.0.0.40,10.0.0.48,24,4440,12,2220,12,2220,17.13222082,2.235423158,7944.804516,7944.804516,Low
10.0.0.40,10.0.0.46,24,4440,12,2220,12,2220,17.13222547,1.420351439,12503.94762,12503.94762,Low
10.0.0.40,10.0.0.45,24,4440,12,2220,12,2220,17.13223871,1.309346861,13564.01465,13564.01465,Low
10.0.0.40,10.0.0.47,24,4440,12,2220,12,2220,17.15511165,1.575495011,11272.64757,11272.64757,Low
10.0.0.41,10.0.0.44,24,4440,12,2220,12,2220,17.2059422,0.756005889,23491.8805,23491.8805,Low
10.0.0.41,10.0.0.43,24,4440,12,2220,12,2220,17.20816027,0.540143844,32880.13035,32880.13035,Low
10.0.0.41,10.0.0.45,24,4440,12,2220,12,2220,17.24079671,1.200658734,14791.88007,14791.88007,Low
10.0.0.41,10.0.0.49,24,4440,12,2220,12,2220,17.24079987,2.532976332,7011.514389,7011.514389,Low
10.0.0.41,10.0.0.46,24,4440,12,2220,12,2220,17.2408059,1.311815232,13538.49198,13538.49198,Low
10.0.0.41,10.0.0.48,24,4440,12,2220,12,2220,17.24080909,2.195453485,8089.444901,8089.444901,Low
10.0.0.41,10.0.0.47,24,4440,12,2220,12,2220,17.24081227,1.489803059,11921.03875,11921.03875,Low
10.0.0.42,10.0.0.40,24,4440,12,2220,12,2220,17.05134673,0.457994861,38777.72768,38777.72768,Low
10.0.0.42,10.0.0.41,24,4440,12,2220,12,2220,17.10912146,0.486450816,36509.34363,36509.34363,Low
10.0.0.42,10.0.0.44,8,1480,4,740,4,740,17.19222922,0.555974402,10647.97224,10647.97224,Low
10.0.0.42,10.0.0.43,8,1480,4,740,4,740,17.19223213,0.212307625,27884.06681,27884.06681,Low
10.0.0.42,10.0.0.45,8,1480,4,740,4,740,17.24262858,0.850124211,6963.688274,6963.688274,Low
10.0.0.42,10.0.0.46,8,1480,4,740,4,740,17.24263147,1.203363406,4919.544645,4919.544645,Low
10.0.0.42,10.0.0.48,8,1480,4,740,4,740,17.24264233,1.989693354,2975.332851,2975.332851,Low
10.0.0.42,10.0.0.49,8,1480,4,740,4,740,17.24264562,2.43353023,2432.679869,2432.679869,Low
10.0.0.42,10.0.0.47,8,1480,4,740,4,740,17.30872543,1.405430568,4212.232276,4212.232276,Low
10.0.0.43,10.0.0.45,8,1480,4,740,4,740,17.56827359,0.524511977,11286.68221,11286.68221,Low
10.0.0.43,10.0.0.44,8,1480,4,740,4,740,17.5682773,0.179975933,32893.2869,32893.2869,Low
10.0.0.43,10.0.0.47,8,1480,4,740,4,740,17.63693019,1.077349998,5494.964506,5494.964506,Low
10.0.0.43,10.0.0.46,8,1480,4,740,4,740,17.63693302,0.809096826,7316.800425,7316.800425,Low
10.0.0.43,10.0.0.48,8,1480,4,740,4,740,17.63693593,1.646587678,3595.314163,3595.314163,Low
10.0.0.43,10.0.0.49,8,1480,4,740,4,740,17.63694085,2.03924193,2903.039562,2903.039562,Low
10.0.0.44,10.0.0.48,8,1480,4,740,4,740,17.87483786,1.492830452,3965.621141,3965.621141,Low
10.0.0.44,10.0.0.45,8,1480,4,740,4,740,17.87484085,0.217929723,27164.72044,27164.72044,Low
10.0.0.44,10.0.0.47,8,1480,4,740,4,740,17.87484379,0.839412914,7052.548157,7052.548157,Low
10.0.0.44,10.0.0.46,8,1480,4,740,4,740,17.87485239,0.57119388,10364.2567,10364.2567,Low
10.0.0.44,10.0.0.49,8,1480,4,740,4,740,17.87485531,1.801340277,3286.44181,3286.44181,Low
10.0.0.45,10.0.0.46,8,1480,4,740,4,740,18.13369813,0.31233861,18953.78865,18953.78865,Low
10.0.0.45,10.0.0.47,8,1480,4,740,4,740,18.1337082,0.580470496,10198.62343,10198.62343,Low
10.0.0.45,10.0.0.48,8,1480,4,740,4,740,18.1337117,1.167824749,5069.25376,5069.25376,Low
10.0.0.45,10.0.0.49,8,1480,4,740,4,740,18.13371489,1.542474369,3837.98922,3837.98922,Low
10.0.0.46,10.0.0.48,8,1480,4,740,4,740,18.50695713,0.860721239,6877.952735,6877.952735,Low
10.0.0.46,10.0.0.49,8,1480,4,740,4,740,18.50696272,1.177013473,5029.679044,5029.679044,Low
10.0.0.46,10.0.0.47,8,1480,4,740,4,740,18.50696581,0.261108943,22672.52868,22672.52868,Low
10.0.0.47,10.0.0.49,8,1480,4,740,4,740,18.83731182,0.892012054,6636.681616,6636.681616,Low
10.0.0.47,10.0.0.48,8,1480,4,740,4,740,18.90178476,0.46590046,12706.57685,12706.57685,Low
10.0.0.48,10.0.0.49,8,1480,4,740,4,740,19.40190854,0.327396927,18082.02677,18082.02677,Low
127.0.0.1,127.0.0.1,62599,8740914,62599,8740914,0,0,0.0,81.59186757,857037.7671,0.0,Low
